﻿"AppName","Cad3DApp","ver","0","rew","1"
"DataManage"
"EntityBrush","DarkBlue"
"ZumenComment",""
"Memo",""
"Layer"
"LayerSize","64"
"DispLayerBit","FF","03","00","00","00","00","00","00"
"LayerAll","False"
"LayerList","0","補助線","1","フレーム","2","センターキャップ","3","メインコーン","4","エッジ","5","マグネットカバー","6","外枠","7","ダンパー","8","ボイスコイル","9","エッジ抑え"
"LayerEnd"
"Group"
"GroupList","1","フレーム側枠"
"GroupEnd"
"DataManageEnd"
"DataDraw"
"GridSize","1"
"Area","-53.499999999999986","-53.499999999999986","-54.69999999999999","53.50000000000001","53.499999999999986","0"
"DataDrawEnd"
"Entity"
"ID","Arc"
"LineColor","Black","LineThickness","1","LineType","0","FaceColor","Black","DivideAngle","0.2617993877991494","Disp2D","True","Disp3D","True","EdgeDisp","True","Reverse","False","EdgeReverse","False","Group","0","LayerSize","8"
"DispLayerBit","00","00","00","00","00","00","00","00"
"PropertyEnd"
"ArcData","Cp","0","0","0","R","46","U","1","0","0","V","0","1","0","Sa","0","Ea","6.283185307179586"
"DataEnd"
"ID","Arc"
"LineColor","Black","LineThickness","1","LineType","2","FaceColor","Black","DivideAngle","0.2617993877991494","Disp2D","True","Disp3D","False","EdgeDisp","True","Reverse","False","EdgeReverse","False","Group","0","LayerSize","8"
"DispLayerBit","01","00","00","00","00","00","00","00"
"PropertyEnd"
"ArcData","Cp","0","0","0","R","57.5","U","1","0","0","V","0","1","0","Sa","3.7911442491222767","Ea","4.088660037280945"
"DataEnd"
"ID","Arc"
"LineColor","Black","LineThickness","1","LineType","2","FaceColor","Black","DivideAngle","0.2617993877991494","Disp2D","True","Disp3D","False","EdgeDisp","True","Reverse","False","EdgeReverse","False","Group","0","LayerSize","8"
"DispLayerBit","01","00","00","00","00","00","00","00"
"PropertyEnd"
"ArcData","Cp","0","0","0","R","57.5","U","1","0","0","V","0","1","0","Sa","5.373036436823557","Ea","5.655019859290321"
"DataEnd"
"ID","Arc"
"LineColor","Black","LineThickness","1","LineType","2","FaceColor","Black","DivideAngle","0.2617993877991494","Disp2D","True","Disp3D","False","EdgeDisp","True","Reverse","False","EdgeReverse","False","Group","0","LayerSize","8"
"DispLayerBit","01","00","00","00","00","00","00","00"
"PropertyEnd"
"ArcData","Cp","0","0","0","R","57.5","U","1","0","0","V","0","1","0","Sa","0.5810217660517017","Ea","0.9539816975091456"
"DataEnd"
"ID","Arc"
"LineColor","Black","LineThickness","1","LineType","2","FaceColor","Black","DivideAngle","0.2617993877991494","Disp2D","True","Disp3D","False","EdgeDisp","True","Reverse","False","EdgeReverse","False","Group","0","LayerSize","8"
"DispLayerBit","01","00","00","00","00","00","00","00"
"PropertyEnd"
"ArcData","Cp","0","0","0","R","57.5","U","1","0","0","V","0","1","0","Sa","2.1315579269170124","Ea","2.5152340403553612"
"DataEnd"
"ID","Line"
"LineColor","Black","LineThickness","1","LineType","2","FaceColor","Black","DivideAngle","0.2617993877991494","Disp2D","True","Disp3D","False","EdgeDisp","True","Reverse","False","EdgeReverse","False","Group","0","LayerSize","8"
"DispLayerBit","01","00","00","00","00","00","00","00"
"PropertyEnd"
"LineData","Sp","-36.478639","36.478639","0","V","-8.457355","8.457354999999993","0"
"DataEnd"
"ID","Line"
"LineColor","Black","LineThickness","1","LineType","2","FaceColor","Black","DivideAngle","0.2617993877991494","Disp2D","True","Disp3D","False","EdgeDisp","True","Reverse","False","EdgeReverse","False","Group","0","LayerSize","8"
"DispLayerBit","01","00","00","00","00","00","00","00"
"PropertyEnd"
"LineData","Sp","-36.698145","-36.69814500000001","0","V","-9.282463","-9.282462999999979","0"
"DataEnd"
"ID","Line"
"LineColor","Black","LineThickness","1","LineType","2","FaceColor","Black","DivideAngle","0.2617993877991494","Disp2D","True","Disp3D","False","EdgeDisp","True","Reverse","False","EdgeReverse","False","Group","0","LayerSize","8"
"DispLayerBit","01","00","00","00","00","00","00","00"
"PropertyEnd"
"LineData","Sp","36.95595899999999","-36.95595900000001","0","V","8.251078000000007","-8.251078000000007","0"
"DataEnd"
"ID","Line"
"LineColor","Black","LineThickness","1","LineType","2","FaceColor","Black","DivideAngle","0.2617993877991494","Disp2D","True","Disp3D","False","EdgeDisp","True","Reverse","False","EdgeReverse","False","Group","0","LayerSize","8"
"DispLayerBit","01","00","00","00","00","00","00","00"
"PropertyEnd"
"LineData","Sp","37.149007","37.149007","0","V","6.910278000000005","6.910278000000005","0"
"DataEnd"
"ID","Line"
"LineColor","Black","LineThickness","1","LineType","2","FaceColor","Black","DivideAngle","0.2617993877991494","Disp2D","True","Disp3D","False","EdgeDisp","True","Reverse","False","EdgeReverse","False","Group","0","LayerSize","8"
"DispLayerBit","01","00","00","00","00","00","00","00"
"PropertyEnd"
"LineData","Sp","-24","0","0","V","47.999999999999986","0","0"
"DataEnd"
"ID","Line"
"LineColor","Black","LineThickness","1","LineType","2","FaceColor","Black","DivideAngle","0.2617993877991494","Disp2D","True","Disp3D","False","EdgeDisp","True","Reverse","False","EdgeReverse","False","Group","0","LayerSize","8"
"DispLayerBit","01","00","00","00","00","00","00","00"
"PropertyEnd"
"LineData","Sp","7.105427357601002E-15","26","0","V","-7.105427357601002E-15","-48","0"
"DataEnd"
"ID","Revolution"
"LineColor","Bisque","LineThickness","1","LineType","0","FaceColor","Bisque","DivideAngle","0.2617993877991494","Disp2D","True","Disp3D","True","EdgeDisp","True","Reverse","True","EdgeReverse","False","Group","2","LayerSize","8"
"DispLayerBit","04","00","00","00","00","00","00","00"
"PropertyEnd"
"CenterLineData","Sp","-8.450062914116736E-15","0","2.5","V","0","0","-30"
"OutlineData","Cp","-8.450062914116736E-15","0","-19.66666666666667","U","0.8","0","0.6","V","0.5999999999999999","0","-0.8","Sa","0","Ea","6.283185307179586","Loop","False","Size","7"
"PList","-7.5","-8.333333333333334","0","-5.087618321313671","-9.990524724011143","2","-2.3285238617166244","-10.966878364870322","2","0.5892556509887852","-11.195857368787005","2","3.4668783648703143","-10.66185719504996","2","6.1082390474733215","-9.401269073022359","2","6.726812023536853","-8.969082698049142","0"
"DataEnd"
"ID","Revolution"
"LineColor","DimGray","LineThickness","1","LineType","0","FaceColor","DimGray","DivideAngle","0.2617993877991494","Disp2D","True","Disp3D","True","EdgeDisp","True","Reverse","False","EdgeReverse","False","Group","2","LayerSize","8"
"DispLayerBit","10","00","00","00","00","00","00","00"
"PropertyEnd"
"CenterLineData","Sp","-8.450062914116736E-15","0","-21.5","V","0","0","25"
"OutlineData","Cp","-40.50000000000001","0","0.25","U","0.8320502943378437","0","-0.5547001962252291","V","0.5547001962252294","0","0.8320502943378435","Sa","0","Ea","6.283185307179586","Loop","False","Size","11"
"PList","-3.6055512754639882","-4.5069390943299865","0","-2.316213422250452","-5.286554206908962","2","-0.8690294520342088","-5.705899386730993","2","0.6373774391990932","-5.736396952791883","2","2.1003481112669977","-5.375968546364194","2","3.4201835305414243","-4.64917676770987","2","4.506939094329979","-3.6055512754639967","2","5.286554206908957","-2.316213422250462","2","5.705899386730991","-0.8690294520342193","2","5.736396952791884","0.6373774391990825","2","5.54700196225229","1.594763064147534","0"
"DataEnd"
"ID","Extrusion"
"LineColor","Black","LineThickness","1","LineType","0","FaceColor","Black","DivideAngle","0.2617993877991494","Disp2D","True","Disp3D","True","EdgeDisp","True","Reverse","False","EdgeReverse","False","Group","1","LayerSize","8"
"DispLayerBit","40","00","00","00","00","00","00","00"
"PropertyEnd"
"ExtrusionData"
"Vector","0","0","-2.5999999999999996"
"Loop","True"
"PolygonData","Cp","-45.96193981484087","-45.9619411219162","0","U","0.986816301374401","-0.16184433058265346","0","V","0.16184433058265368","0.986816301374401","0","Size","12"
"PList","-0","0","0","46.575983545090175","-8.881784197001254E-16","1","90.71198290414827","14.8773587632263","0","90.71198398244873","14.877360264612227","0","90.7119839824487","61.453343809702396","1","75.83462521922247","105.5893431687604","0","75.83462371783652","105.58934424706091","0","29.258640172746254","105.58934424706092","1","-14.8773591863118","90.71198548383462","0","-14.877360264612232","90.71198398244876","0","-14.877360264612241","44.13600043735852","1","-1.5013859719843107E-06","1.0783004967322964E-06","0"
"PolygonData","Cp","40.658640000000005","-40.65863999999999","0","U","1","0","0","V","0","1","0","Size","4"
"PList","2.25","0","0","1.3777276490407724E-16","2.25","1","-2.25","2.755455298081545E-16","0","-4.1331829471223167E-16","-2.25","1"
"PolygonData","Cp","40.658640000000005","40.658640000000005","0","U","1","0","0","V","0","1","0","Size","4"
"PList","2.25","0","0","1.3777276490407724E-16","2.25","1","-2.25","2.755455298081545E-16","0","-4.1331829471223167E-16","-2.25","1"
"PolygonData","Cp","-40.65864","40.658640000000005","0","U","1","0","0","V","0","1","0","Size","4"
"PList","2.25","0","0","1.3777276490407724E-16","2.25","1","-2.25","2.755455298081545E-16","0","-4.1331829471223167E-16","-2.25","1"
"PolygonData","Cp","-40.65864","-40.65863999999999","0","U","1","0","0","V","0","1","0","Size","4"
"PList","2.25","0","0","1.3777276490407724E-16","2.25","1","-2.25","2.755455298081545E-16","0","-4.1331829471223167E-16","-2.25","1"
"PolygonData","Cp","0","0","0","U","1","0","0","V","0","1","0","Size","4"
"PList","50","0","0","3.061616997868383E-15","50","1","-50","6.123233995736766E-15","0","-9.184850993605149E-15","-50","1"
"DataEnd"
"ID","Revolution"
"LineColor","Black","LineThickness","1","LineType","2","FaceColor","Black","DivideAngle","0.2617993877991494","Disp2D","True","Disp3D","True","EdgeDisp","True","Reverse","False","EdgeReverse","False","Group","2","LayerSize","8"
"DispLayerBit","20","00","00","00","00","00","00","00"
"PropertyEnd"
"CenterLineData","Sp","0","-1.4210854715202004E-14","-44","V","0","0","-26"
"OutlineData","Cp","0","-1.4210854715202004E-14","-32.599999999999994","U","0","1","0","V","0","0","-1","Sa","0","Ea","6.283185307179586","Loop","False","Size","6"
"PList","0","0","0","36.99999999999997","0","0","37.00000000000006","18.099999999999994","0","35.82842712474588","20.92842712474618","1","32.999999999999574","22.099999999999994","0","0","22.099999999999994","0"
"DataEnd"
"ID","Revolution"
"LineColor","DarkGray","LineThickness","1","LineType","2","FaceColor","DarkGray","DivideAngle","0.2617993877991494","Disp2D","True","Disp3D","True","EdgeDisp","True","Reverse","False","EdgeReverse","False","Group","2","LayerSize","8"
"DispLayerBit","02","00","00","00","00","00","00","00"
"PropertyEnd"
"CenterLineData","Sp","0","-1.4210854715202004E-14","-30","V","0","0","-14"
"OutlineData","Cp","0","-1.4210854715202004E-14","-32.599999999999994","U","0","1","0","V","0","0","1","Sa","0","Ea","6.283185307179586","Loop","False","Size","4"
"PList","-0","-0","0","31.5","-0","0","31.500000000000014","6","0","-0","6","0"
"DataEnd"
"ID","Revolution"
"LineColor","DarkGray","LineThickness","1","LineType","2","FaceColor","DarkGray","DivideAngle","0.2617993877991494","Disp2D","True","Disp3D","True","EdgeDisp","True","Reverse","False","EdgeReverse","False","Group","2","LayerSize","8"
"DispLayerBit","02","00","00","00","00","00","00","00"
"PropertyEnd"
"CenterLineData","Sp","0","-1.4210854715202004E-14","-21","V","0","0","-9"
"OutlineData","Cp","0","37","-26.599999999999994","U","0","0.3511234415883917","0.9363291775690445","V","0","-0.9363291775690441","0.3511234415883925","Sa","0","Ea","6.283185307179586","Loop","False","Size","3"
"PList","4.272001872658766","-0","0","0","0","0","-1.93117892873616","5.1498104766297494","0"
"DataEnd"
"ID","Revolution"
"LineColor","DarkGray","LineThickness","1","LineType","2","FaceColor","DarkGray","DivideAngle","0.2617993877991494","Disp2D","True","Disp3D","True","EdgeDisp","True","Reverse","False","EdgeReverse","False","Group","2","LayerSize","8"
"DispLayerBit","02","00","00","00","00","00","00","00"
"PropertyEnd"
"CenterLineData","Sp","0","-1.4210854715202004E-14","10","V","0","0","-18"
"OutlineData","Cp","0","45.999999999999986","-2.5999999999999943","U","0","1","0","V","-5.928593550334456E-17","0","-1","Sa","0","Ea","6.283185307179586","Loop","False","Size","3"
"PList","4","0","0","0","0","0","-1.499999999999993","3.999999999999986","0"
"DataEnd"
"ID","Line"
"LineColor","Black","LineThickness","1","LineType","1","FaceColor","Black","DivideAngle","0.2617993877991494","Disp2D","True","Disp3D","False","EdgeDisp","True","Reverse","False","EdgeReverse","False","Group","2","LayerSize","8"
"DispLayerBit","01","00","00","00","00","00","00","00"
"PropertyEnd"
"LineData","Sp","0","43.99999999999998","-22.599999999999994","V","0","-27.999999999999993","0"
"DataEnd"
"ID","Line"
"LineColor","Black","LineThickness","1","LineType","1","FaceColor","Black","DivideAngle","0.2617993877991494","Disp2D","True","Disp3D","False","EdgeDisp","True","Reverse","False","EdgeReverse","False","Group","2","LayerSize","8"
"DispLayerBit","01","00","00","00","00","00","00","00"
"PropertyEnd"
"LineData","Sp","0","53.499999999999986","-6.599999999999994","V","0","-106.99999999999997","0"
"DataEnd"
"ID","Line"
"LineColor","Black","LineThickness","1","LineType","2","FaceColor","Black","DivideAngle","0.2617993877991494","Disp2D","True","Disp3D","False","EdgeDisp","True","Reverse","False","EdgeReverse","False","Group","2","LayerSize","8"
"DispLayerBit","01","00","00","00","00","00","00","00"
"PropertyEnd"
"LineData","Sp","0","53.499999999999986","-2.5999999999999943","V","0","-106.99999999999997","0"
"DataEnd"
"ID","Revolution"
"LineColor","DarkGray","LineThickness","1","LineType","0","FaceColor","DarkGray","DivideAngle","0.2617993877991494","Disp2D","True","Disp3D","True","EdgeDisp","True","Reverse","False","EdgeReverse","False","Group","2","LayerSize","8"
"DispLayerBit","00","02","00","00","00","00","00","00"
"PropertyEnd"
"CenterLineData","Sp","-8.450062914116736E-15","0","-21.5","V","0","0","23"
"OutlineData","Cp","-8.450062914116736E-15","0","18.5","U","1","0","0","V","0","0","-1","Sa","0","Ea","6.283185307179586","Loop","False","Size","5"
"PList","-50","18.5","0","-46","18.5","0","-46","20","0","-50","20","0","-50","18.5","0"
"DataEnd"
"ID","Revolution"
"LineColor","Brown","LineThickness","1","LineType","0","FaceColor","Brown","DivideAngle","0.2617993877991494","Disp2D","True","Disp3D","True","EdgeDisp","True","Reverse","False","EdgeReverse","False","Group","2","LayerSize","8"
"DispLayerBit","00","01","00","00","00","00","00","00"
"PropertyEnd"
"CenterLineData","Sp","0","-0","-20","V","0","0","-20"
"OutlineData","Cp","0","9","-20","U","0","0","-1","V","0","-1","-6.123233995736766E-17","Sa","0","Ea","6.283185307179586","Loop","False","Size","2"
"PList","0","-0","0","20","0","0"
"DataEnd"
"ID","Revolution"
"LineColor","Bisque","LineThickness","1","LineType","0","FaceColor","Bisque","DivideAngle","0.2617993877991494","Disp2D","True","Disp3D","True","EdgeDisp","True","Reverse","True","EdgeReverse","False","Group","2","LayerSize","8"
"DispLayerBit","08","00","00","00","00","00","00","00"
"PropertyEnd"
"CenterLineData","Sp","0","0","-3","V","0","0","-4"
"OutlineData","Cp","0","52.21666666666684","-53.21666666666675","U","0","-0.8831157194574104","-0.4691552259617499","V","0","0.4691552259617513","-0.8831157194574095","Sa","0","Ea","6.283185307179586","Loop","False","Size","4"
"PList","-9.058835465996724","-53.7490904315807","0","5.161125127921133","-54.262233732460565","2","19.02936357353371","-51.07749547705435","2","22.581544920188314","-49.6094854966241","0"
"DataEnd"
"ID","Revolution"
"LineColor","DarkGray","LineThickness","1","LineType","0","FaceColor","DarkGray","DivideAngle","0.2617993877991494","Disp2D","True","Disp3D","True","EdgeDisp","True","Reverse","True","EdgeReverse","False","Group","2","LayerSize","8"
"DispLayerBit","02","00","00","00","00","00","00","00"
"PropertyEnd"
"CenterLineData","Sp","0","-1.4210854715202004E-14","-8","V","0","0","-13"
"OutlineData","Cp","33.34197804570089","-19.25000000000004","-22.599999999999994","U","0.30408182027976804","-0.1755617207941957","0.9363291775690447","V","-0.17556172079419569","-0.30408182027976804","0.9363291775690447","Sa","1.3962634015954636","Ea","1.7453292519943295","Loop","False","Size","2"
"PList","0","0","0","17.088007490635075","0","0"
"DataEnd"
"ID","Revolution"
"LineColor","DarkGray","LineThickness","1","LineType","0","FaceColor","DarkGray","DivideAngle","0.2617993877991494","Disp2D","True","Disp3D","True","EdgeDisp","True","Reverse","True","EdgeReverse","False","Group","2","LayerSize","8"
"DispLayerBit","02","00","00","00","00","00","00","00"
"PropertyEnd"
"CenterLineData","Sp","0","-1.4210854715202004E-14","-8","V","0","0","-13"
"OutlineData","Cp","33.34197804570091","19.24999999999997","-22.599999999999994","U","0.3040818202797681","0.17556172079419533","0.9363291775690449","V","0.17556172079419535","-0.3040818202797681","0.9363291775690449","Sa","1.3962634015954636","Ea","1.7453292519943295","Loop","False","Size","2"
"PList","0","-0","0","17.08800749063507","-0","0"
"DataEnd"
"ID","Revolution"
"LineColor","DarkGray","LineThickness","1","LineType","0","FaceColor","DarkGray","DivideAngle","0.2617993877991494","Disp2D","True","Disp3D","True","EdgeDisp","True","Reverse","True","EdgeReverse","False","Group","2","LayerSize","8"
"DispLayerBit","02","00","00","00","00","00","00","00"
"PropertyEnd"
"CenterLineData","Sp","0","-1.4210854715202004E-14","-8","V","0","0","-13"
"OutlineData","Cp","0","38.5","-22.599999999999994","U","0","0.3511234415883911","0.9363291775690449","V","0.3511234415883911","2.150010994234129E-17","0.9363291775690449","Sa","1.3962634015954636","Ea","1.7453292519943295","Loop","False","Size","2"
"PList","-0","-0","0","17.08800749063507","-0","0"
"DataEnd"
"ID","Revolution"
"LineColor","DarkGray","LineThickness","1","LineType","0","FaceColor","DarkGray","DivideAngle","0.2617993877991494","Disp2D","True","Disp3D","True","EdgeDisp","True","Reverse","True","EdgeReverse","False","Group","2","LayerSize","8"
"DispLayerBit","02","00","00","00","00","00","00","00"
"PropertyEnd"
"CenterLineData","Sp","0","-1.4210854715202004E-14","-8","V","0","0","-13"
"OutlineData","Cp","-33.34197804570089","19.250000000000007","-22.599999999999994","U","-0.30408182027976804","0.1755617207941957","0.9363291775690447","V","0.17556172079419569","0.30408182027976804","0.9363291775690447","Sa","1.3962634015954636","Ea","1.7453292519943295","Loop","False","Size","2"
"PList","-0","0","0","17.088007490635075","-0","0"
"DataEnd"
"ID","Revolution"
"LineColor","DarkGray","LineThickness","1","LineType","0","FaceColor","DarkGray","DivideAngle","0.2617993877991494","Disp2D","True","Disp3D","True","EdgeDisp","True","Reverse","True","EdgeReverse","False","Group","2","LayerSize","8"
"DispLayerBit","02","00","00","00","00","00","00","00"
"PropertyEnd"
"CenterLineData","Sp","0","-1.4210854715202004E-14","-8","V","0","0","-13"
"OutlineData","Cp","-33.341978045700905","-19.250000000000007","-22.599999999999994","U","-0.3040818202797681","-0.17556172079419555","0.9363291775690449","V","-0.17556172079419557","0.3040818202797681","0.9363291775690449","Sa","1.3962634015954636","Ea","1.7453292519943295","Loop","False","Size","2"
"PList","0","0","0","17.08800749063507","0","0"
"DataEnd"
"ID","Revolution"
"LineColor","DarkGray","LineThickness","1","LineType","0","FaceColor","DarkGray","DivideAngle","0.2617993877991494","Disp2D","True","Disp3D","True","EdgeDisp","True","Reverse","True","EdgeReverse","False","Group","2","LayerSize","8"
"DispLayerBit","02","00","00","00","00","00","00","00"
"PropertyEnd"
"CenterLineData","Sp","0","-1.4210854715202004E-14","-8","V","0","0","-13"
"OutlineData","Cp","-1.7763568394002505E-14","-38.50000000000003","-22.599999999999994","U","-1.3877787807814457E-16","-0.3511234415883911","0.9363291775690449","V","-0.3511234415883911","1.1727776813580326E-16","0.9363291775690449","Sa","1.3962634015954636","Ea","1.7453292519943295","Loop","False","Size","2"
"PList","0","0","0","17.08800749063507","0","0"
"DataEnd"
"ID","Revolution"
"LineColor","Bisque","LineThickness","1","LineType","0","FaceColor","Bisque","DivideAngle","0.2617993877991494","Disp2D","True","Disp3D","True","EdgeDisp","True","Reverse","True","EdgeReverse","False","Group","2","LayerSize","8"
"DispLayerBit","80","00","00","00","00","00","00","00"
"PropertyEnd"
"CenterLineData","Sp","0","0","-31","V","0","0","5"
"OutlineData","Cp","0","0","-5","U","1","0","0","V","0","0","-1","Sa","0","Ea","6.283185307179586","Loop","False","Size","13"
"PList","-10.631569860407215","17.500000000000004","0","-13","19","0","-15","17","0","-17","19","0","-19","17","0","-21","19","0","-23","17","0","-25","19","0","-27","17","0","-29","19","0","-31","17","0","-33","19","0","-35","18","0"
"DataEnd"
"EntityEnd"
