﻿"AppName","Cad3DApp","ver","0","rew","1"
"DataManage"
"EntityBrush","CadetBlue"
"ZumenComment",""
"Memo",""
"Layer"
"LayerSize","64"
"DispLayerBit","FF","07","00","00","00","00","00","00"
"LayerAll","False"
"LayerList","0","メインコーン","1","サブコーン","2","パッキン","3","センターキャップ","4","フレーム","5","コア","6","マグネット","7","フレーム2","8","フレーム1","9","フレーム3","10","補助線"
"LayerEnd"
"Group"
"GroupList"
"GroupEnd"
"DataManageEnd"
"DataDraw"
"GridSize","1"
"Area","-100","-100","-69.00000000000001","100","100","1.8369701987210297E-14"
"DataDrawEnd"
"Entity"
"ID","Revolution"
"LineColor","Blue","LineThickness","1","LineType","0","FaceColor","Silver","DivideAngle","0.20943951023931953","Disp2D","True","Disp3D","True","EdgeDisp","False","Reverse","False","EdgeReverse","False","Group","0","LayerSize","8"
"DispLayerBit","08","00","00","00","00","00","00","00"
"PropertyEnd"
"CenterLineData","Sp","0","-6.613092715395707E-15","-36","V","0","2.204364238465236E-15","12"
"OutlineData","Cp","-69","-5.51091059616309E-16","-3","U","0.5547001962252291","-1.52845159453568E-16","-0.8320502943378437","V","0.832050294337843","1.0189677296904546E-16","0.5547001962252298","Sa","0","Ea","6.283185307179586","Loop","True","Size","4"
"PList","54.91531942629771","31.895261282950674","0","55.308619706459304","37.10147428842501","0","57.03598568323132","42.02849628462472","0","58.24352060364909","44.09866559990572","0"
"DataEnd"
"ID","Revolution"
"LineColor","Green","LineThickness","1","LineType","0","FaceColor","Bisque","DivideAngle","0.20943951023931953","Disp2D","True","Disp3D","True","EdgeDisp","False","Reverse","False","EdgeReverse","False","Group","0","LayerSize","8"
"DispLayerBit","02","00","00","00","00","00","00","00"
"PropertyEnd"
"CenterLineData","Sp","0","-6.245698675651501E-15","-34","V","0","7.347880794884118E-15","40"
"OutlineData","Cp","0","0","0","U","1","0","0","V","0","-1.8369701987210297E-16","-1","Sa","0","Ea","6.283185307179586","Loop","True","Size","3"
"PList","-30.970807537035853","9.021119119129196","0","-19.002865177825896","20.338639607493235","0","-12.001296680124014","30.997508965311667","0"
"DataEnd"
"ID","Revolution"
"LineColor","DarkGray","LineThickness","1","LineType","0","FaceColor","DarkGray","DivideAngle","0.20943951023931953","Disp2D","True","Disp3D","True","EdgeDisp","False","Reverse","False","EdgeReverse","False","Group","0","LayerSize","8"
"DispLayerBit","10","00","00","00","00","00","00","00"
"PropertyEnd"
"CenterLineData","Sp","0","-2.7554552980815444E-15","-15","V","0","3.857637417314163E-15","21"
"OutlineData","Cp","-70","-1.8369701987210296E-15","-10","U","-0.274721127897378","1.766290837172792E-16","0.9615239476408232","V","-0.961523947640823","-5.046545249065124E-17","-0.2747211278973783","Sa","0","Ea","6.283185307179586","Loop","True","Size","13"
"PList","-0","0","0","1.9984014443252818E-15","1.0000000000000042","0","6.5258084765261595","0.9999999999999987","0","9.340518348510855","10.851484551946434","0","11.263566243792503","10.302042296151678","0","12.087729627484642","13.186614139074145","0","7.280109889280522","14.560219778561036","0","7.5548310171779","15.521743726201858","0","13.32397470302284","13.87341695881759","0","11.950369063535947","9.065797220613476","0","10.027321168254304","9.615239476408231","0","7.280109889280519","0","0","-0","0","0"
"DataEnd"
"ID","Revolution"
"LineColor","Blue","LineThickness","1","LineType","0","FaceColor","Cornsilk","DivideAngle","0.20943951023931953","Disp2D","True","Disp3D","True","EdgeDisp","False","Reverse","False","EdgeReverse","False","Group","0","LayerSize","8"
"DispLayerBit","01","00","00","00","00","00","00","00"
"PropertyEnd"
"CenterLineData","Sp","0","-1.0103336092965664E-14","-55","V","0","1.0654427152581972E-14","58"
"OutlineData","Cp","-12","-5.694607616035192E-15","-31","U","-0.6969417365161222","1.3173423132153696E-16","0.7171277542404089","V","-0.717127754240406","-1.2802612002250052E-16","-0.6969417365161248","Sa","0","Ea","6.283185307179586","Loop","True","Size","11"
"PList","61.89608130969886","23.513296631973112","0","59.80525610015049","21.361913369251887","0","56.259989364397015","22.01848307031943","0","56.320547417569855","17.776274598049838","0","53.4924084360568","17.73590256260127","0","53.57315250695392","12.07962459957514","0","53.54757910040393","12.067468128694411","0","33.182117550134734","4.486398312224898","0","11.809614163361946","0.5569272663890601","0","0.07767213740655696","0","0","-0","0","0"
"DataEnd"
"ID","Line"
"LineColor","DarkGray","LineThickness","1","LineType","0","FaceColor","DarkGray","DivideAngle","0.20943951023931953","Disp2D","True","Disp3D","True","EdgeDisp","True","Reverse","False","EdgeReverse","False","Group","0","LayerSize","8"
"DispLayerBit","00","00","00","00","00","00","00","00"
"PropertyEnd"
"LineData","Sp","-35","-4.0413344371862654E-15","-22","V","0","0","0"
"DataEnd"
"ID","Revolution"
"LineColor","Aqua","LineThickness","1","LineType","0","FaceColor","Transparent","DivideAngle","0.20943951023931953","Disp2D","True","Disp3D","True","EdgeDisp","False","Reverse","False","EdgeReverse","False","Group","0","LayerSize","8"
"DispLayerBit","20","00","00","00","00","00","00","00"
"PropertyEnd"
"CenterLineData","Sp","0","-1.4695761589768237E-14","-80","V","0","5.694607616035192E-15","31"
"OutlineData","Cp","-47","-7.898971854500428E-15","-43","U","0","-1.8369701987210297E-16","-1","V","1","0","0","Sa","0","Ea","6.283185307179586","Loop","True","Size","3"
"PList","26","47","0","26","0","0","0","0","0"
"DataEnd"
"ID","Revolution"
"LineColor","DarkGray","LineThickness","1","LineType","0","FaceColor","DarkGray","DivideAngle","0.20943951023931953","Disp2D","True","Disp3D","True","EdgeDisp","False","Reverse","False","EdgeReverse","False","Group","0","LayerSize","8"
"DispLayerBit","40","00","00","00","00","00","00","00"
"PropertyEnd"
"CenterLineData","Sp","0","-1.1021821192326178E-14","-60","V","0","1.8369701987210296E-15","10"
"OutlineData","Cp","-47","-8.817456953860943E-15","-48","U","-1","0","0","V","0","-1.8369701987210297E-16","-1","Sa","0","Ea","6.283185307179586","Loop","True","Size","4"
"PList","0","15","0","2.5","15","0","2.5","0","0","0","0","0"
"DataEnd"
"ID","Revolution"
"LineColor","DarkGray","LineThickness","1","LineType","0","FaceColor","DarkGray","DivideAngle","0.20943951023931953","Disp2D","True","Disp3D","True","EdgeDisp","False","Reverse","False","EdgeReverse","False","Group","0","LayerSize","8"
"DispLayerBit","80","00","00","00","00","00","00","00"
"PropertyEnd"
"CenterLineData","Sp","0","-7.347880794884118E-15","-40","V","0","4.95981953654678E-15","27"
"OutlineData","Cp","-47","-7.898971854500428E-15","-43","U","-1","0","0","V","0","1.8369701987210297E-16","1","Sa","0","Ea","6.283185307179586","Loop","True","Size","4"
"PList","-0","-0","0","1","-0","0","3","5","0","5","12","0"
"DataEnd"
"ID","Revolution"
"LineColor","Fuchsia","LineThickness","1","LineType","0","FaceColor","DarkGray","DivideAngle","0.20943951023931953","Disp2D","True","Disp3D","True","EdgeDisp","False","Reverse","False","EdgeReverse","False","Group","0","LayerSize","8"
"DispLayerBit","00","01","00","00","00","00","00","00"
"PropertyEnd"
"CenterLineData","Sp","0","-9.184850993605149E-15","-50","V","0","3.1228493378257506E-15","17"
"OutlineData","Cp","0","0","0","U","1","0","0","V","0","-1.8369701987210297E-16","-1","Sa","0.6108652381980153","Ea","0.9599310885968813","Loop","True","Size","2"
"PList","-52","31","0","-70","10","0"
"DataEnd"
"ID","Revolution"
"LineColor","Fuchsia","LineThickness","1","LineType","0","FaceColor","DarkGray","DivideAngle","0.20943951023931953","Disp2D","True","Disp3D","True","EdgeDisp","False","Reverse","False","EdgeReverse","False","Group","0","LayerSize","8"
"DispLayerBit","00","01","00","00","00","00","00","00"
"PropertyEnd"
"CenterLineData","Sp","0","-9.184850993605149E-15","-50","V","0","3.1228493378257506E-15","17"
"OutlineData","Cp","0","0","0","U","6.123233995736766E-17","-1","1.8369701987210297E-16","V","0","-1.8369701987210297E-16","-1","Sa","0.6108652381980153","Ea","0.9599310885968813","Loop","True","Size","2"
"PList","-52","31","0","-70","10","0"
"DataEnd"
"ID","Revolution"
"LineColor","Fuchsia","LineThickness","1","LineType","0","FaceColor","DarkGray","DivideAngle","0.20943951023931953","Disp2D","True","Disp3D","True","EdgeDisp","False","Reverse","False","EdgeReverse","False","Group","0","LayerSize","8"
"DispLayerBit","00","01","00","00","00","00","00","00"
"PropertyEnd"
"CenterLineData","Sp","0","-9.184850993605149E-15","-50","V","0","3.1228493378257506E-15","17"
"OutlineData","Cp","0","0","0","U","-1","-1.2246467991473532E-16","2.2496396739927864E-32","V","0","-1.8369701987210297E-16","-1","Sa","0.6108652381980153","Ea","0.9599310885968813","Loop","True","Size","2"
"PList","-52","31","0","-70","10","0"
"DataEnd"
"ID","Revolution"
"LineColor","Fuchsia","LineThickness","1","LineType","0","FaceColor","DarkGray","DivideAngle","0.20943951023931953","Disp2D","True","Disp3D","True","EdgeDisp","False","Reverse","False","EdgeReverse","False","Group","0","LayerSize","8"
"DispLayerBit","00","01","00","00","00","00","00","00"
"PropertyEnd"
"CenterLineData","Sp","0","-9.184850993605149E-15","-50","V","0","3.1228493378257506E-15","17"
"OutlineData","Cp","0","0","0","U","-1.8369701987210297E-16","1","-1.8369701987210297E-16","V","0","-1.8369701987210297E-16","-1","Sa","0.6108652381980153","Ea","0.9599310885968813","Loop","True","Size","2"
"PList","-52","31","0","-70","10","0"
"DataEnd"
"ID","Extrusion"
"LineColor","SteelBlue","LineThickness","1","LineType","0","FaceColor","Silver","DivideAngle","0.20943951023931953","Disp2D","True","Disp3D","True","EdgeDisp","True","Reverse","False","EdgeReverse","False","Group","0","LayerSize","8"
"DispLayerBit","00","02","00","00","00","00","00","00"
"PropertyEnd"
"ExtrusionData"
"Vector","0","-5.51091059616309E-16","-3"
"Loop","True"
"PolygonData","Cp","70.99999999999999","-71","-6.999999999999987","U","-0.9241246978598912","-0.3820910137720655","7.018898054983908E-17","V","-0.38209101377206683","0.9241246978598907","-1.697589529870695E-16","Size","10"
"PList","-0","-0","0","37.11065738803781","-0","0","72.95679978970873","9.60494490829872","0","105.09557183889017","28.16027360231762","0","131.2257070961044","54.25692395563324","0","132.0182791766819","53.64714571964153","0","105.70433326789886","27.366920262026383","0","73.33948322207384","8.681065375787451","0","37.24118358025786","-0.9914448613738216","0","-0.13052619222005318","-0.9914448613738247","0"
"DataEnd"
"ID","Extrusion"
"LineColor","SteelBlue","LineThickness","1","LineType","0","FaceColor","Silver","DivideAngle","0.20943951023931953","Disp2D","True","Disp3D","True","EdgeDisp","True","Reverse","False","EdgeReverse","False","Group","0","LayerSize","8"
"DispLayerBit","00","02","00","00","00","00","00","00"
"PropertyEnd"
"ExtrusionData"
"Vector","0","-5.51091059616309E-16","-3"
"Loop","True"
"PolygonData","Cp","-71","-70.99999999999999","-6.999999999999987","U","-0.38209101377206556","0.9241246978598912","-1.6975895298706958E-16","V","0.9241246978598907","0.3820910137720669","-7.018898054983934E-17","Size","10"
"PList","-0","-0","0","37.11065738803781","-0","0","72.95679978970873","9.60494490829872","0","105.09557183889017","28.16027360231762","0","131.2257070961044","54.25692395563324","0","132.0182791766819","53.64714571964153","0","105.70433326789886","27.366920262026383","0","73.33948322207384","8.681065375787451","0","37.24118358025786","-0.9914448613738216","0","-0.13052619222005318","-0.9914448613738247","0"
"DataEnd"
"ID","Extrusion"
"LineColor","SteelBlue","LineThickness","1","LineType","0","FaceColor","Silver","DivideAngle","0.20943951023931953","Disp2D","True","Disp3D","True","EdgeDisp","True","Reverse","False","EdgeReverse","False","Group","0","LayerSize","8"
"DispLayerBit","00","02","00","00","00","00","00","00"
"PropertyEnd"
"ExtrusionData"
"Vector","0","-5.51091059616309E-16","-3"
"Loop","True"
"PolygonData","Cp","-71","70.99999999999999","-7.000000000000013","U","0.924124697859891","0.38209101377206584","-7.018898054983914E-17","V","0.38209101377206717","-0.9241246978598906","1.6975895298706948E-16","Size","10"
"PList","-0","-0","0","37.11065738803781","-0","0","72.95679978970873","9.60494490829872","0","105.09557183889017","28.16027360231762","0","131.2257070961044","54.25692395563324","0","132.0182791766819","53.64714571964153","0","105.70433326789886","27.366920262026383","0","73.33948322207384","8.681065375787451","0","37.24118358025786","-0.9914448613738216","0","-0.13052619222005318","-0.9914448613738247","0"
"DataEnd"
"ID","Extrusion"
"LineColor","SteelBlue","LineThickness","1","LineType","0","FaceColor","Silver","DivideAngle","0.20943951023931953","Disp2D","True","Disp3D","True","EdgeDisp","True","Reverse","False","EdgeReverse","False","Group","0","LayerSize","8"
"DispLayerBit","00","02","00","00","00","00","00","00"
"PropertyEnd"
"ExtrusionData"
"Vector","0","-5.51091059616309E-16","-3"
"Loop","True"
"PolygonData","Cp","70.99999999999999","71","-7.000000000000013","U","0.3820910137720659","-0.924124697859891","1.6975895298706956E-16","V","-0.9241246978598906","-0.3820910137720672","7.01889805498394E-17","Size","10"
"PList","-0","-0","0","37.11065738803781","-0","0","72.95679978970873","9.60494490829872","0","105.09557183889017","28.16027360231762","0","131.2257070961044","54.25692395563324","0","132.0182791766819","53.64714571964153","0","105.70433326789886","27.366920262026383","0","73.33948322207384","8.681065375787451","0","37.24118358025786","-0.9914448613738216","0","-0.13052619222005318","-0.9914448613738247","0"
"DataEnd"
"ID","Revolution"
"LineColor","Blue","LineThickness","1","LineType","0","FaceColor","AntiqueWhite","DivideAngle","0.20943951023931953","Disp2D","True","Disp3D","True","EdgeDisp","False","Reverse","False","EdgeReverse","False","Group","0","LayerSize","8"
"DispLayerBit","04","00","00","00","00","00","00","00"
"PropertyEnd"
"CenterLineData","Sp","0","-2.5717582782094417E-15","-14","V","0","3.3065463576978533E-15","18"
"OutlineData","Cp","-72","0","0","U","0","-1.8369701987210297E-16","-1","V","-1","0","0","Sa","0","Ea","6.283185307179586","Loop","True","Size","5"
"PList","0","-0","0","3","-0","0","3","10","0","-0","10","0","0","-0","0"
"DataEnd"
"ID","Polygon"
"LineColor","SpringGreen","LineThickness","1","LineType","0","FaceColor","Silver","DivideAngle","0.20943951023931953","Disp2D","True","Disp3D","True","EdgeDisp","True","Reverse","True","EdgeReverse","False","Group","0","LayerSize","8"
"DispLayerBit","00","02","00","00","00","00","00","00"
"PropertyEnd"
"PolygonData","Cp","64.3467170879758","64.34671708797585","-7.0000000000000115","U","-0.7071067811865508","-0.7071067811865441","1.2989340843532336E-16","V","-0.7071067811865442","0.7071067811865508","-1.298934084353246E-16","Size","39"
"PList","-1.0048591735576212E-14","-1.004859173557611E-14","0","-0.08518543427733456","0.6470476127562941","0","-0.33493649053891056","1.249999999999997","0","-0.7322330470336326","1.7677669529663627","0","-1.2500000000000047","2.1650635094611","0","-1.8529523872437","2.414814565722667","0","-2.4999999999999982","2.5000000000000027","0","-3.147047612756298","2.4148145657226734","0","-3.75","2.1650635094610977","0","-4.267766952966371","1.7677669529663802","0","-4.6650635094611035","1.2500000000000036","0","-4.914814565722675","0.6470476127563135","0","-5.0000000000000115","-5.329070518200753E-15","0","-9.000000000000034","5.329070518200753E-15","0","-8.349390390065269","2.428108120169082","0","5.86431722932216","35.88563625044517","0","28.253149988378944","64.52434852185559","0","57.2913459338709","86.3925640208134","0","91.00000000000053","99.99999999999956","0","91.00000000000048","95.99999999999955","0","90.35295238724419","95.91481456572222","0","89.75000000000051","95.66506350946067","0","89.23223304703413","95.26776695296591","0","88.83493649053942","94.74999999999957","0","88.58518543427783","94.14704761275588","0","88.5000000000005","93.49999999999955","0","88.58518543427786","92.85295238724326","0","88.8349364905394","92.24999999999956","0","89.23223304703414","91.73223304703316","0","89.7500000000005","91.33493649053845","0","90.35295238724422","91.08518543427687","0","91.00000000000048","90.99999999999955","0","91.00000000000045","86.99999999999955","0","68.48274307608112","84.0355468871486","0","47.500000000000405","75.34421012924594","0","29.481710036770686","61.51828996322949","0","15.6557898707541","43.49999999999995","0","6.964453112851202","22.517256923919295","0","4.000000000000013","-0","0"
"DataEnd"
"ID","Polygon"
"LineColor","SpringGreen","LineThickness","1","LineType","0","FaceColor","Silver","DivideAngle","0.20943951023931953","Disp2D","True","Disp3D","True","EdgeDisp","True","Reverse","True","EdgeReverse","False","Group","0","LayerSize","8"
"DispLayerBit","00","02","00","00","00","00","00","00"
"PropertyEnd"
"PolygonData","Cp","-64.34671708797583","64.34671708797582","-7.0000000000000115","U","0.7071067811865439","-0.707106781186551","1.2989340843532462E-16","V","-0.707106781186551","-0.707106781186544","1.2989340843532334E-16","Size","39"
"PList","-1.0048591735576212E-14","-1.004859173557611E-14","0","-0.08518543427733456","0.6470476127562941","0","-0.33493649053891056","1.249999999999997","0","-0.7322330470336326","1.7677669529663627","0","-1.2500000000000047","2.1650635094611","0","-1.8529523872437","2.414814565722667","0","-2.4999999999999982","2.5000000000000027","0","-3.147047612756298","2.4148145657226734","0","-3.75","2.1650635094610977","0","-4.267766952966371","1.7677669529663802","0","-4.6650635094611035","1.2500000000000036","0","-4.914814565722675","0.6470476127563135","0","-5.0000000000000115","-5.329070518200753E-15","0","-9.000000000000034","5.329070518200753E-15","0","-8.349390390065269","2.428108120169082","0","5.86431722932216","35.88563625044517","0","28.253149988378944","64.52434852185559","0","57.2913459338709","86.3925640208134","0","91.00000000000053","99.99999999999956","0","91.00000000000048","95.99999999999955","0","90.35295238724419","95.91481456572222","0","89.75000000000051","95.66506350946067","0","89.23223304703413","95.26776695296591","0","88.83493649053942","94.74999999999957","0","88.58518543427783","94.14704761275588","0","88.5000000000005","93.49999999999955","0","88.58518543427786","92.85295238724326","0","88.8349364905394","92.24999999999956","0","89.23223304703414","91.73223304703316","0","89.7500000000005","91.33493649053845","0","90.35295238724422","91.08518543427687","0","91.00000000000048","90.99999999999955","0","91.00000000000045","86.99999999999955","0","68.48274307608112","84.0355468871486","0","47.500000000000405","75.34421012924594","0","29.481710036770686","61.51828996322949","0","15.6557898707541","43.49999999999995","0","6.964453112851202","22.517256923919295","0","4.000000000000013","-0","0"
"DataEnd"
"ID","Polygon"
"LineColor","SpringGreen","LineThickness","1","LineType","0","FaceColor","Silver","DivideAngle","0.20943951023931953","Disp2D","True","Disp3D","True","EdgeDisp","True","Reverse","True","EdgeReverse","False","Group","0","LayerSize","8"
"DispLayerBit","00","02","00","00","00","00","00","00"
"PropertyEnd"
"PolygonData","Cp","-64.34671708797582","-64.34671708797583","-6.9999999999999885","U","0.707106781186551","0.7071067811865439","-1.2989340843532331E-16","V","0.707106781186544","-0.707106781186551","1.2989340843532462E-16","Size","39"
"PList","-1.0048591735576212E-14","-1.004859173557611E-14","0","-0.08518543427733456","0.6470476127562941","0","-0.33493649053891056","1.249999999999997","0","-0.7322330470336326","1.7677669529663627","0","-1.2500000000000047","2.1650635094611","0","-1.8529523872437","2.414814565722667","0","-2.4999999999999982","2.5000000000000027","0","-3.147047612756298","2.4148145657226734","0","-3.75","2.1650635094610977","0","-4.267766952966371","1.7677669529663802","0","-4.6650635094611035","1.2500000000000036","0","-4.914814565722675","0.6470476127563135","0","-5.0000000000000115","-5.329070518200753E-15","0","-9.000000000000034","5.329070518200753E-15","0","-8.349390390065269","2.428108120169082","0","5.86431722932216","35.88563625044517","0","28.253149988378944","64.52434852185559","0","57.2913459338709","86.3925640208134","0","91.00000000000053","99.99999999999956","0","91.00000000000048","95.99999999999955","0","90.35295238724419","95.91481456572222","0","89.75000000000051","95.66506350946067","0","89.23223304703413","95.26776695296591","0","88.83493649053942","94.74999999999957","0","88.58518543427783","94.14704761275588","0","88.5000000000005","93.49999999999955","0","88.58518543427786","92.85295238724326","0","88.8349364905394","92.24999999999956","0","89.23223304703414","91.73223304703316","0","89.7500000000005","91.33493649053845","0","90.35295238724422","91.08518543427687","0","91.00000000000048","90.99999999999955","0","91.00000000000045","86.99999999999955","0","68.48274307608112","84.0355468871486","0","47.500000000000405","75.34421012924594","0","29.481710036770686","61.51828996322949","0","15.6557898707541","43.49999999999995","0","6.964453112851202","22.517256923919295","0","4.000000000000013","-0","0"
"DataEnd"
"ID","Polygon"
"LineColor","SpringGreen","LineThickness","1","LineType","0","FaceColor","Silver","DivideAngle","0.20943951023931953","Disp2D","True","Disp3D","True","EdgeDisp","True","Reverse","True","EdgeReverse","False","Group","0","LayerSize","8"
"DispLayerBit","00","02","00","00","00","00","00","00"
"PropertyEnd"
"PolygonData","Cp","64.34671708797585","-64.3467170879758","-6.9999999999999885","U","-0.7071067811865441","0.7071067811865508","-1.298934084353246E-16","V","0.7071067811865508","0.7071067811865442","-1.298934084353234E-16","Size","39"
"PList","-1.0048591735576212E-14","-1.004859173557611E-14","0","-0.08518543427733456","0.6470476127562941","0","-0.33493649053891056","1.249999999999997","0","-0.7322330470336326","1.7677669529663627","0","-1.2500000000000047","2.1650635094611","0","-1.8529523872437","2.414814565722667","0","-2.4999999999999982","2.5000000000000027","0","-3.147047612756298","2.4148145657226734","0","-3.75","2.1650635094610977","0","-4.267766952966371","1.7677669529663802","0","-4.6650635094611035","1.2500000000000036","0","-4.914814565722675","0.6470476127563135","0","-5.0000000000000115","-5.329070518200753E-15","0","-9.000000000000034","5.329070518200753E-15","0","-8.349390390065269","2.428108120169082","0","5.86431722932216","35.88563625044517","0","28.253149988378944","64.52434852185559","0","57.2913459338709","86.3925640208134","0","91.00000000000053","99.99999999999956","0","91.00000000000048","95.99999999999955","0","90.35295238724419","95.91481456572222","0","89.75000000000051","95.66506350946067","0","89.23223304703413","95.26776695296591","0","88.83493649053942","94.74999999999957","0","88.58518543427783","94.14704761275588","0","88.5000000000005","93.49999999999955","0","88.58518543427786","92.85295238724326","0","88.8349364905394","92.24999999999956","0","89.23223304703414","91.73223304703316","0","89.7500000000005","91.33493649053845","0","90.35295238724422","91.08518543427687","0","91.00000000000048","90.99999999999955","0","91.00000000000045","86.99999999999955","0","68.48274307608112","84.0355468871486","0","47.500000000000405","75.34421012924594","0","29.481710036770686","61.51828996322949","0","15.6557898707541","43.49999999999995","0","6.964453112851202","22.517256923919295","0","4.000000000000013","-0","0"
"DataEnd"
"ID","Line"
"LineColor","Yellow","LineThickness","1","LineType","0","FaceColor","Yellow","DivideAngle","0.20943951023931953","Disp2D","True","Disp3D","False","EdgeDisp","True","Reverse","False","EdgeReverse","False","Group","1","LayerSize","8"
"DispLayerBit","00","04","00","00","00","00","00","00"
"PropertyEnd"
"LineData","Sp","-100","-100","1.8369701987210297E-14","V","200","200","-3.6739403974420595E-14"
"DataEnd"
"ID","Arc"
"LineColor","Yellow","LineThickness","1","LineType","0","FaceColor","Yellow","DivideAngle","0.20943951023931953","Disp2D","True","Disp3D","False","EdgeDisp","True","Reverse","False","EdgeReverse","False","Group","1","LayerSize","8"
"DispLayerBit","00","04","00","00","00","00","00","00"
"PropertyEnd"
"ArcData","Cp","0","0","0","R","100","U","1","0","0","V","0","-1","1.8369701987210297E-16","Sa","0","Ea","6.283185307179586"
"DataEnd"
"ID","Line"
"LineColor","Yellow","LineThickness","1","LineType","0","FaceColor","Yellow","DivideAngle","0.20943951023931953","Disp2D","True","Disp3D","False","EdgeDisp","True","Reverse","False","EdgeReverse","False","Group","1","LayerSize","8"
"DispLayerBit","00","04","00","00","00","00","00","00"
"PropertyEnd"
"LineData","Sp","-100","100","-1.8369701987210297E-14","V","200","-200","3.6739403974420595E-14"
"DataEnd"
"EntityEnd"
