﻿"AppName","Cad3DApp","ver","0","rew","1"
"DataManage"
"EntityBrush","CadetBlue"
"ZumenComment","FOSTEX FW108N WOOOFER"
"Memo",""
"Layer"
"LayerSize","64"
"DispLayerBit","FE","03","00","00","00","00","00","00"
"LayerAll","False"
"LayerList","0","中心線","1","フレーム","2","ガスケット","3","コーン","4","マグネット","5","エッジ","6","センターキャップ","7","コイル","8","マグネットカバー","9","FT108N"
"LayerEnd"
"Group"
"GroupList"
"GroupEnd"
"DataManageEnd"
"DataDraw"
"GridSize","1"
"Area","-64","-64","-65","64","64","10"
"DataDrawEnd"
"Entity"
"ID","Line"
"LineColor","DarkSlateGray","LineThickness","1","LineType","2","FaceColor","DarkSlateGray","DivideAngle","0.20943951023931953","Disp2D","True","Disp3D","True","EdgeDisp","True","Reverse","False","EdgeReverse","False","Group","0","LayerSize","8"
"DispLayerBit","01","00","00","00","00","00","00","00"
"PropertyEnd"
"LineData","Sp","-9","0","-9","V","-12","0","0"
"DataEnd"
"ID","Line"
"LineColor","DarkSlateGray","LineThickness","1","LineType","2","FaceColor","DarkSlateGray","DivideAngle","0.20943951023931953","Disp2D","True","Disp3D","True","EdgeDisp","True","Reverse","False","EdgeReverse","False","Group","0","LayerSize","8"
"DispLayerBit","01","00","00","00","00","00","00","00"
"PropertyEnd"
"LineData","Sp","9","0","-9","V","12","0","0"
"DataEnd"
"ID","Line"
"LineColor","Black","LineThickness","1","LineType","2","FaceColor","Black","DivideAngle","0.20943951023931953","Disp2D","True","Disp3D","True","EdgeDisp","True","Reverse","False","EdgeReverse","False","Group","0","LayerSize","8"
"DispLayerBit","01","00","00","00","00","00","00","00"
"PropertyEnd"
"LineData","Sp","-17","0","-11","V","0","0","4"
"DataEnd"
"ID","Line"
"LineColor","Black","LineThickness","1","LineType","2","FaceColor","Black","DivideAngle","0.20943951023931953","Disp2D","True","Disp3D","True","EdgeDisp","True","Reverse","False","EdgeReverse","False","Group","0","LayerSize","8"
"DispLayerBit","01","00","00","00","00","00","00","00"
"PropertyEnd"
"LineData","Sp","17","0","-11","V","0","0","4"
"DataEnd"
"ID","Line"
"LineColor","Black","LineThickness","1","LineType","2","FaceColor","Black","DivideAngle","0.20943951023931953","Disp2D","True","Disp3D","True","EdgeDisp","True","Reverse","False","EdgeReverse","False","Group","0","LayerSize","8"
"DispLayerBit","01","00","00","00","00","00","00","00"
"PropertyEnd"
"LineData","Sp","34","0","-1","V","0","0","10"
"DataEnd"
"ID","Revolution"
"LineColor","DarkSlateGray","LineThickness","1","LineType","0","FaceColor","DarkSlateGray","DivideAngle","0.1308996938995747","Disp2D","True","Disp3D","True","EdgeDisp","False","Reverse","False","EdgeReverse","False","Group","0","LayerSize","8"
"DispLayerBit","02","02","00","00","00","00","00","00"
"PropertyEnd"
"CenterLineData","Sp","0","0","-12","V","0","0","16"
"OutlineData","Cp","47","0","0","U","1","0","0","V","0","0","1","Sa","0","Ea","6.283185307179586","Loop","True","Size","5"
"PList","2.5","-0","0","2.5","7.5","0","17","5","0","17","-0","0","2.5","-0","0"
"DataEnd"
"ID","Revolution"
"LineColor","DarkSlateGray","LineThickness","1","LineType","0","FaceColor","DarkSlateGray","DivideAngle","0.20943951023931953","Disp2D","True","Disp3D","True","EdgeDisp","False","Reverse","False","EdgeReverse","False","Group","0","LayerSize","8"
"DispLayerBit","02","02","00","00","00","00","00","00"
"PropertyEnd"
"CenterLineData","Sp","-0","0","-14","V","0","0","17"
"OutlineData","Cp","49.5","0","0","U","-1","0","0","V","0","0","1","Sa","0","Ea","6.283185307179586","Loop","True","Size","5"
"PList","-1.7763568394002505E-15","6.000000000000002","0","3.5000000000000018","6.000000000000002","0","3.5000000000000018","-1.7763568394002505E-15","0","-1.7763568394002505E-15","-1.7763568394002505E-15","0","-1.7763568394002505E-15","6.000000000000002","0"
"DataEnd"
"ID","Revolution"
"LineColor","DarkSlateGray","LineThickness","1","LineType","0","FaceColor","DarkSlateGray","DivideAngle","0.20943951023931953","Disp2D","True","Disp3D","True","EdgeDisp","False","Reverse","False","EdgeReverse","False","Group","0","LayerSize","8"
"DispLayerBit","20","02","00","00","00","00","00","00"
"PropertyEnd"
"CenterLineData","Sp","-0","0","-10","V","0","0","12"
"OutlineData","Cp","0","0","0","U","1","0","0","V","0","0","-1","Sa","0","Ea","6.283185307179586","Loop","True","Size","10"
"PList","33.99913358876563","-5.997919597288725","0","34.850117318191266","-7.465943565358241","0","36.05205704179864","-8.663695033480222","0","37.52304255372322","-9.50954921848004","0","39.16282862224584","-9.945862555490091","0","40.85966653667129","-9.942901011635028","0","42.49791959728872","-9.500866411234385","0","43.96594356535824","-8.649882681808752","0","45.16369503348022","-7.44794295820138","0","46.000866411234384","-5.997919597288733","0"
"DataEnd"
"ID","Revolution"
"LineColor","DarkSlateGray","LineThickness","1","LineType","0","FaceColor","DarkSlateGray","DivideAngle","0.20943951023931953","Disp2D","True","Disp3D","True","EdgeDisp","False","Reverse","False","EdgeReverse","False","Group","0","LayerSize","8"
"DispLayerBit","08","02","00","00","00","00","00","00"
"PropertyEnd"
"CenterLineData","Sp","-0","0","-11","V","0","0","13"
"OutlineData","Cp","0","0","0","U","1","0","0","V","0","0","-1","Sa","0","Ea","6.283185307179586","Loop","True","Size","2"
"PList","34.00000000000002","-5.9999999999999964","0","17.000000000000004","8.999999999999995","0"
"DataEnd"
"ID","Extrusion"
"LineColor","DarkSlateGray","LineThickness","1","LineType","0","FaceColor","DarkSlateGray","DivideAngle","0.2617993877991494","Disp2D","True","Disp3D","True","EdgeDisp","True","Reverse","False","EdgeReverse","False","Group","0","LayerSize","8"
"DispLayerBit","02","02","00","00","00","00","00","00"
"PropertyEnd"
"ExtrusionData"
"Vector","0","10","0"
"Loop","True"
"PolygonData","Cp","44.985035026528735","-5","-0.11212475379911924","U","-0.09476169254924327","0","-0.9954999857484692","V","-0.9954999857484695","0","0.0947616925492415","Size","8"
"PList","30.415293123274612","4.121376624331288","0","25.785481014469585","0.39041568096615903","2","17.571120005172748","-3.707607464029872","2","8.576010122635086","-5.5399607839583025","2","-0.5868467597703831","-4.981772428173046","0","-0","-0","0","12.229024861995857","-0","1","23.453096422778753","4.854818912558636","0"
"DataEnd"
"ID","Extrusion"
"LineColor","DarkSlateGray","LineThickness","1","LineType","0","FaceColor","DarkSlateGray","DivideAngle","0.2617993877991494","Disp2D","True","Disp3D","True","EdgeDisp","True","Reverse","False","EdgeReverse","False","Group","0","LayerSize","8"
"DispLayerBit","02","02","00","00","00","00","00","00"
"PropertyEnd"
"ExtrusionData"
"Vector","-7.0710678118654755","7.0710678118654755","0"
"Loop","True"
"PolygonData","Cp","35.34475722510557","28.273689413240096","-0.11212475379911924","U","-0.06700663539828465","-0.06700663539828465","-0.9954999857484692","V","-0.7039247905938543","-0.7039247905938543","0.0947616925492415","Size","8"
"PList","30.415293123274612","4.121376624331288","0","25.785481014469585","0.39041568096615903","2","17.571120005172748","-3.707607464029872","2","8.576010122635086","-5.5399607839583025","2","-0.5868467597703831","-4.981772428173046","0","-0","-0","0","12.229024861995857","-0","1","23.453096422778753","4.854818912558636","0"
"DataEnd"
"ID","Extrusion"
"LineColor","DarkSlateGray","LineThickness","1","LineType","0","FaceColor","DarkSlateGray","DivideAngle","0.2617993877991494","Disp2D","True","Disp3D","True","EdgeDisp","True","Reverse","False","EdgeReverse","False","Group","0","LayerSize","8"
"DispLayerBit","02","02","00","00","00","00","00","00"
"PropertyEnd"
"ExtrusionData"
"Vector","-10","-1.6081226496766366E-15","0"
"Loop","True"
"PolygonData","Cp","4.999999999999993","44.985035026528735","-0.11212475379911924","U","1.5238842411013187E-17","-0.09476169254924327","-0.9954999857484692","V","1.6008860748348829E-16","-0.9954999857484695","0.0947616925492415","Size","8"
"PList","30.415293123274612","4.121376624331288","0","25.785481014469585","0.39041568096615903","2","17.571120005172748","-3.707607464029872","2","8.576010122635086","-5.5399607839583025","2","-0.5868467597703831","-4.981772428173046","0","-0","-0","0","12.229024861995857","-0","1","23.453096422778753","4.854818912558636","0"
"DataEnd"
"ID","Extrusion"
"LineColor","DarkSlateGray","LineThickness","1","LineType","0","FaceColor","DarkSlateGray","DivideAngle","0.2617993877991494","Disp2D","True","Disp3D","True","EdgeDisp","True","Reverse","False","EdgeReverse","False","Group","0","LayerSize","8"
"DispLayerBit","02","02","00","00","00","00","00","00"
"PropertyEnd"
"ExtrusionData"
"Vector","-7.0710678118654755","-7.071067811865475","0"
"Loop","True"
"PolygonData","Cp","-28.27368941324009","35.34475722510557","-0.11212475379911924","U","0.06700663539828465","-0.06700663539828465","-0.9954999857484692","V","0.7039247905938542","-0.7039247905938543","0.0947616925492415","Size","8"
"PList","30.415293123274612","4.121376624331288","0","25.785481014469585","0.39041568096615903","2","17.571120005172748","-3.707607464029872","2","8.576010122635086","-5.5399607839583025","2","-0.5868467597703831","-4.981772428173046","0","-0","-0","0","12.229024861995857","-0","1","23.453096422778753","4.854818912558636","0"
"DataEnd"
"ID","Extrusion"
"LineColor","DarkSlateGray","LineThickness","1","LineType","0","FaceColor","DarkSlateGray","DivideAngle","0.2617993877991494","Disp2D","True","Disp3D","True","EdgeDisp","True","Reverse","False","EdgeReverse","False","Group","0","LayerSize","8"
"DispLayerBit","02","02","00","00","00","00","00","00"
"PropertyEnd"
"ExtrusionData"
"Vector","-5.665538897647979E-15","-10","0"
"Loop","True"
"PolygonData","Cp","-44.985035026528735","5.000000000000026","-0.11212475379911924","U","0.09476169254924327","-5.368760551446965E-17","-0.9954999857484692","V","0.9954999857484695","-5.640043891865963E-16","0.0947616925492415","Size","8"
"PList","30.415293123274612","4.121376624331288","0","25.785481014469585","0.39041568096615903","2","17.571120005172748","-3.707607464029872","2","8.576010122635086","-5.5399607839583025","2","-0.5868467597703831","-4.981772428173046","0","-0","-0","0","12.229024861995857","-0","1","23.453096422778753","4.854818912558636","0"
"DataEnd"
"ID","Extrusion"
"LineColor","DarkSlateGray","LineThickness","1","LineType","0","FaceColor","DarkSlateGray","DivideAngle","0.2617993877991494","Disp2D","True","Disp3D","True","EdgeDisp","True","Reverse","False","EdgeReverse","False","Group","0","LayerSize","8"
"DispLayerBit","02","02","00","00","00","00","00","00"
"PropertyEnd"
"ExtrusionData"
"Vector","7.071067811865471","-7.071067811865479","0"
"Loop","True"
"PolygonData","Cp","-35.34475722510558","-28.27368941324007","-0.11212475379911924","U","0.06700663539828469","0.06700663539828461","-0.9954999857484692","V","0.7039247905938546","0.7039247905938538","0.0947616925492415","Size","8"
"PList","30.415293123274612","4.121376624331288","0","25.785481014469585","0.39041568096615903","2","17.571120005172748","-3.707607464029872","2","8.576010122635086","-5.5399607839583025","2","-0.5868467597703831","-4.981772428173046","0","-0","-0","0","12.229024861995857","-0","1","23.453096422778753","4.854818912558636","0"
"DataEnd"
"ID","Extrusion"
"LineColor","DarkSlateGray","LineThickness","1","LineType","0","FaceColor","DarkSlateGray","DivideAngle","0.2617993877991494","Disp2D","True","Disp3D","True","EdgeDisp","True","Reverse","False","EdgeReverse","False","Group","0","LayerSize","8"
"DispLayerBit","02","02","00","00","00","00","00","00"
"PropertyEnd"
"ExtrusionData"
"Vector","10","-1.8369701987210296E-15","0"
"Loop","True"
"PolygonData","Cp","-5.000000000000008","-44.985035026528735","-0.11212475379911924","U","1.7407440519332452E-17","0.09476169254924327","-0.9954999857484692","V","1.8287038066471484E-16","0.9954999857484695","0.0947616925492415","Size","8"
"PList","30.415293123274612","4.121376624331288","0","25.785481014469585","0.39041568096615903","2","17.571120005172748","-3.707607464029872","2","8.576010122635086","-5.5399607839583025","2","-0.5868467597703831","-4.981772428173046","0","-0","-0","0","12.229024861995857","-0","1","23.453096422778753","4.854818912558636","0"
"DataEnd"
"ID","Extrusion"
"LineColor","DarkSlateGray","LineThickness","1","LineType","0","FaceColor","DarkSlateGray","DivideAngle","0.2617993877991494","Disp2D","True","Disp3D","True","EdgeDisp","True","Reverse","False","EdgeReverse","False","Group","0","LayerSize","8"
"DispLayerBit","02","02","00","00","00","00","00","00"
"PropertyEnd"
"ExtrusionData"
"Vector","7.071067811865477","7.071067811865474","0"
"Loop","True"
"PolygonData","Cp","28.273689413240085","-35.344757225105575","-0.11212475379911924","U","-0.06700663539828464","0.06700663539828466","-0.9954999857484692","V","-0.703924790593854","0.7039247905938544","0.0947616925492415","Size","8"
"PList","30.415293123274612","4.121376624331288","0","25.785481014469585","0.39041568096615903","2","17.571120005172748","-3.707607464029872","2","8.576010122635086","-5.5399607839583025","2","-0.5868467597703831","-4.981772428173046","0","-0","-0","0","12.229024861995857","-0","1","23.453096422778753","4.854818912558636","0"
"DataEnd"
"ID","Revolution"
"LineColor","DarkGoldenrod","LineThickness","1","LineType","0","FaceColor","DarkGoldenrod","DivideAngle","0.20943951023931953","Disp2D","True","Disp3D","True","EdgeDisp","True","Reverse","False","EdgeReverse","False","Group","0","LayerSize","8"
"DispLayerBit","80","02","00","00","00","00","00","00"
"PropertyEnd"
"CenterLineData","Sp","-0","0","-9","V","0","0","-41"
"OutlineData","Cp","0","0","0","U","1","0","0","V","0","0","-1","Sa","0","Ea","6.283185307179586","Loop","True","Size","2"
"PList","17","9","0","17","56","0"
"DataEnd"
"ID","Revolution"
"LineColor","Silver","LineThickness","1","LineType","0","FaceColor","Silver","DivideAngle","0.20943951023931953","Disp2D","True","Disp3D","True","EdgeDisp","True","Reverse","False","EdgeReverse","False","Group","0","LayerSize","8"
"DispLayerBit","00","03","00","00","00","00","00","00"
"PropertyEnd"
"CenterLineData","Sp","0","0","-70","V","0","0","39"
"OutlineData","Cp","8","0","-65","U","1","0","0","V","0","0","1","Sa","0","Ea","6.283185307179586","Loop","True","Size","5"
"PList","0","0","0","39","0","0","39","35","0","0","35","0","0","0","0"
"DataEnd"
"ID","Revolution"
"LineColor","DimGray","LineThickness","1","LineType","0","FaceColor","DimGray","DivideAngle","0.20943951023931953","Disp2D","True","Disp3D","True","EdgeDisp","True","Reverse","False","EdgeReverse","False","Group","0","LayerSize","8"
"DispLayerBit","10","02","00","00","00","00","00","00"
"PropertyEnd"
"CenterLineData","Sp","0","0","-60","V","0","0","25"
"OutlineData","Cp","8.000000000000002","0","-40","U","1","0","0","V","0","0","-1","Sa","0","Ea","6.283185307179586","Loop","True","Size","4"
"PList","0","-0","0","41.5","-0","0","41.5","17","0","-0","17","0"
"DataEnd"
"ID","Revolution"
"LineColor","DarkSlateGray","LineThickness","1","LineType","0","FaceColor","DarkSlateGray","DivideAngle","0.2617993877991494","Disp2D","True","Disp3D","True","EdgeDisp","False","Reverse","True","EdgeReverse","False","Group","0","LayerSize","8"
"DispLayerBit","40","02","00","00","00","00","00","00"
"PropertyEnd"
"CenterLineData","Sp","0","0","-14","V","0","0","16"
"OutlineData","Cp","0","0","0","U","1","0","0","V","0","0","-1","Sa","0","Ea","6.283185307179586","Loop","True","Size","4"
"PList","-4.975127621536122E-15","3","0","7.009682471526591","3.9228422046710634","0","13.541666666666647","6.628478647504775","0","16.999999999999986","8.99999999999999","0"
"DataEnd"
"ID","Revolution"
"LineColor","DarkSlateGray","LineThickness","1","LineType","0","FaceColor","DarkSlateGray","DivideAngle","0.20943951023931953","Disp2D","True","Disp3D","True","EdgeDisp","True","Reverse","False","EdgeReverse","False","Group","0","LayerSize","8"
"DispLayerBit","02","02","00","00","00","00","00","00"
"PropertyEnd"
"CenterLineData","Sp","0","0","-40","V","0","0","28"
"OutlineData","Cp","38","0","-30","U","0","0","1","V","-1","0","0","Sa","0","Ea","6.283185307179586","Loop","True","Size","7"
"PList","0","0","0","7","0","0","7","-2","0","10","-2","0","10","-4","0","13","-4","0","13","21","0"
"DataEnd"
"ID","Revolution"
"LineColor","DarkSlateGray","LineThickness","1","LineType","0","FaceColor","DarkSlateGray","DivideAngle","0.20943951023931953","Disp2D","True","Disp3D","True","EdgeDisp","True","Reverse","False","EdgeReverse","False","Group","0","LayerSize","8"
"DispLayerBit","0C","02","00","00","00","00","00","00"
"PropertyEnd"
"CenterLineData","Sp","-0","0","4","V","0","0","9"
"OutlineData","Cp","49.5","0","6","U","-1","0","0","V","0","0","1","Sa","0","Ea","6.283185307179586","Loop","True","Size","5"
"PList","-0","4","0","3.5","4","0","3.5","-0","0","-0","0","0","-0","4","0"
"DataEnd"
"EntityEnd"
