﻿"AppName","Cad3DApp","ver","0","rew","1"
"DataManage"
"EntityBrush","Coral"
"ZumenComment","NFJ製MODEL-CUBE + FE107E"
"Memo",""
"Layer"
"LayerSize","64"
"DispLayerBit","F7","01","00","00","00","00","00","00"
"LayerAll","False"
"LayerList","0","天板","1","底板","2","左側板","3","右側板","4","背板","5","バッフル版","6","ダクト","7","SP端子","8","FE107E"
"LayerEnd"
"Group"
"GroupList"
"GroupEnd"
"DataManageEnd"
"DataDraw"
"GridSize","1"
"Area","-1.0658141036401503E-14","0","-23.000000000000007","150","168","181"
"DataDrawEnd"
"Entity"
"ID","Extrusion"
"LineColor","BurlyWood","LineThickness","1","LineType","0","FaceColor","BurlyWood","DivideAngle","0.2617993877991494","Disp2D","True","Disp3D","True","EdgeDisp","True","Reverse","False","EdgeReverse","False","Group","1","LayerSize","8"
"DispLayerBit","01","00","00","00","00","00","00","00"
"PropertyEnd"
"ExtrusionData"
"Vector","0","9","-5.51091059616309E-16"
"Loop","True"
"PolygonData","Cp","0","159","5.51091059616309E-16","U","1","0","0","V","0","6.123233995736766E-17","1","Size","4"
"PList","-0","-0","0","150","-0","0","150","168","0","-0","168","0"
"DataEnd"
"ID","Extrusion"
"LineColor","BurlyWood","LineThickness","1","LineType","0","FaceColor","BurlyWood","DivideAngle","0.2617993877991494","Disp2D","True","Disp3D","True","EdgeDisp","True","Reverse","False","EdgeReverse","False","Group","1","LayerSize","8"
"DispLayerBit","04","00","00","00","00","00","00","00"
"PropertyEnd"
"ExtrusionData"
"Vector","-9","5.51091059616309E-16","-5.51091059616309E-16"
"Loop","True"
"PolygonData","Cp","9","9","0","U","6.123233995736766E-17","1","0","V","-6.123233995736766E-17","3.749399456654644E-33","1","Size","4"
"PList","-0","-0","0","150","-0","0","150","168","0","-0","168","0"
"DataEnd"
"ID","Extrusion"
"LineColor","BurlyWood","LineThickness","1","LineType","0","FaceColor","BurlyWood","DivideAngle","0.2617993877991494","Disp2D","True","Disp3D","True","EdgeDisp","True","Reverse","False","EdgeReverse","False","Group","1","LayerSize","8"
"DispLayerBit","08","00","00","00","00","00","00","00"
"PropertyEnd"
"ExtrusionData"
"Vector","-9","5.51091059616309E-16","-5.51091059616309E-16"
"Loop","True"
"PolygonData","Cp","150","9","0","U","6.123233995736766E-17","1","0","V","-6.123233995736766E-17","3.749399456654644E-33","1","Size","4"
"PList","-0","-0","0","150","-0","0","150","168","0","-0","168","0"
"DataEnd"
"ID","Extrusion"
"LineColor","BurlyWood","LineThickness","1","LineType","0","FaceColor","BurlyWood","DivideAngle","0.2617993877991494","Disp2D","True","Disp3D","True","EdgeDisp","True","Reverse","False","EdgeReverse","False","Group","1","LayerSize","8"
"DispLayerBit","02","00","00","00","00","00","00","00"
"PropertyEnd"
"ExtrusionData"
"Vector","0","9","-5.51091059616309E-16"
"Loop","True"
"PolygonData","Cp","0","0","0","U","1","0","0","V","0","6.123233995736766E-17","1","Size","4"
"PList","-0","-0","0","150","-0","0","150","168","0","-0","168","0"
"DataEnd"
"ID","Line"
"LineColor","Black","LineThickness","1","LineType","2","FaceColor","Coral","DivideAngle","0.2617993877991494","Disp2D","True","Disp3D","False","EdgeDisp","True","Reverse","False","EdgeReverse","False","Group","1","LayerSize","8"
"DispLayerBit","20","00","00","00","00","00","00","00"
"PropertyEnd"
"LineData","Sp","30","108","177","V","90","0","0"
"DataEnd"
"ID","Line"
"LineColor","Black","LineThickness","1","LineType","2","FaceColor","Coral","DivideAngle","0.2617993877991494","Disp2D","True","Disp3D","False","EdgeDisp","True","Reverse","False","EdgeReverse","False","Group","1","LayerSize","8"
"DispLayerBit","20","00","00","00","00","00","00","00"
"PropertyEnd"
"LineData","Sp","75","150","177","V","0","-80","0"
"DataEnd"
"ID","Extrusion"
"LineColor","BurlyWood","LineThickness","1","LineType","0","FaceColor","BurlyWood","DivideAngle","0.2617993877991494","Disp2D","True","Disp3D","True","EdgeDisp","True","Reverse","False","EdgeReverse","False","Group","1","LayerSize","8"
"DispLayerBit","20","00","00","00","00","00","00","00"
"PropertyEnd"
"ExtrusionData"
"Vector","0","0","-9"
"Loop","True"
"PolygonData","Cp","0","0","177","U","1","0","0","V","0","1","0","Size","4"
"PList","-0","-0","0","150","-0","0","150","168","0","-0","168","0"
"PolygonData","Cp","40","30","177","U","1","0","0","V","0","1","0","Size","4"
"PList","17","0","0","1.0409497792752501E-15","17","1","-17","2.0818995585505003E-15","0","-3.1228493378257506E-15","-17","1"
"PolygonData","Cp","75","108","177","U","1","0","0","V","0","1","0","Size","4"
"PList","46.5","0","0","2.847303808017596E-15","46.5","1","-46.5","5.694607616035192E-15","0","-8.541911424052788E-15","-46.5","1"
"DataEnd"
"ID","Revolution"
"LineColor","Brown","LineThickness","1","LineType","0","FaceColor","Brown","DivideAngle","0.2617993877991494","Disp2D","True","Disp3D","True","EdgeDisp","True","Reverse","False","EdgeReverse","False","Group","1","LayerSize","8"
"DispLayerBit","40","00","00","00","00","00","00","00"
"PropertyEnd"
"CenterLineData","Sp","40","30.000000000000004","182","V","0","0","-85"
"OutlineData","Cp","40","45","177","U","0","0","-1","V","0","1","0","Sa","0","Ea","6.283185307179586","Loop","False","Size","5"
"PList","70","-0","0","-0","0","0","-0","2","0","70","2","0","70","-0","0"
"DataEnd"
"ID","Line"
"LineColor","Black","LineThickness","1","LineType","2","FaceColor","Coral","DivideAngle","0.2617993877991494","Disp2D","True","Disp3D","False","EdgeDisp","True","Reverse","False","EdgeReverse","False","Group","1","LayerSize","8"
"DispLayerBit","20","00","00","00","00","00","00","00"
"PropertyEnd"
"LineData","Sp","20","30","177","V","40","0","0"
"DataEnd"
"ID","Line"
"LineColor","Black","LineThickness","1","LineType","2","FaceColor","Coral","DivideAngle","0.2617993877991494","Disp2D","True","Disp3D","False","EdgeDisp","True","Reverse","False","EdgeReverse","False","Group","1","LayerSize","8"
"DispLayerBit","20","00","00","00","00","00","00","00"
"PropertyEnd"
"LineData","Sp","40","40","177","V","0","-20","0"
"DataEnd"
"ID","Line"
"LineColor","Black","LineThickness","1","LineType","2","FaceColor","Black","DivideAngle","0.2617993877991494","Disp2D","True","Disp3D","False","EdgeDisp","True","Reverse","False","EdgeReverse","False","Group","1","LayerSize","8"
"DispLayerBit","10","00","00","00","00","00","00","00"
"PropertyEnd"
"LineData","Sp","75","168","0","V","0","-168","0"
"DataEnd"
"ID","Line"
"LineColor","Black","LineThickness","1","LineType","2","FaceColor","Black","DivideAngle","0.2617993877991494","Disp2D","True","Disp3D","False","EdgeDisp","True","Reverse","False","EdgeReverse","False","Group","1","LayerSize","8"
"DispLayerBit","10","00","00","00","00","00","00","00"
"PropertyEnd"
"LineData","Sp","37.5","112","0","V","75","0","0"
"DataEnd"
"ID","Line"
"LineColor","Black","LineThickness","1","LineType","2","FaceColor","Coral","DivideAngle","0.2617993877991494","Disp2D","True","Disp3D","False","EdgeDisp","True","Reverse","False","EdgeReverse","False","Group","0","LayerSize","8"
"DispLayerBit","00","00","00","00","00","00","00","00"
"PropertyEnd"
"LineData","Sp","30.000000000000007","100","181","V","0","0","-40"
"DataEnd"
"ID","Extrusion"
"LineColor","BurlyWood","LineThickness","1","LineType","0","FaceColor","BurlyWood","DivideAngle","0.2617993877991494","Disp2D","True","Disp3D","True","EdgeDisp","True","Reverse","False","EdgeReverse","False","Group","1","LayerSize","8"
"DispLayerBit","10","00","00","00","00","00","00","00"
"PropertyEnd"
"ExtrusionData"
"Vector","0","0","-9"
"Loop","True"
"PolygonData","Cp","0","0","0","U","1","0","0","V","0","1","0","Size","4"
"PList","-0","-0","0","150","-0","0","150","168","0","-0","168","0"
"PolygonData","Cp","69","114","0","U","1","0","0","V","0","1","0","Size","4"
"PList","3","0","0","1.8369701987210297E-16","3","1","-3","3.6739403974420594E-16","0","-5.51091059616309E-16","-3","1"
"PolygonData","Cp","81","114","0","U","1","0","0","V","0","1","0","Size","4"
"PList","3","0","0","1.8369701987210297E-16","3","1","-3","3.6739403974420594E-16","0","-5.51091059616309E-16","-3","1"
"DataEnd"
"ID","Extrusion"
"LineColor","DarkGray","LineThickness","1","LineType","0","FaceColor","DarkGray","DivideAngle","0.2617993877991494","Disp2D","True","Disp3D","True","EdgeDisp","True","Reverse","False","EdgeReverse","False","Group","1","LayerSize","8"
"DispLayerBit","80","00","00","00","00","00","00","00"
"PropertyEnd"
"ExtrusionData"
"Vector","-1.2246467991473532E-16","0","1"
"Loop","True"
"PolygonData","Cp","94","102.5","-10.000000000000002","U","-1","0","-1.2246467991473532E-16","V","0","1","0","Size","12"
"PList","-2.220446049250313E-16","2.0000000000000004","0","0.5857864376269044","0.5857864376269051","1","1.9999999999999993","0","0","36","0","0","37.41421356237309","0.5857864376269046","1","38","1.9999999999999996","0","38","17","0","37.41421356237309","18.414213562373096","1","36","19","0","2","19","0","0.5857864376269051","18.414213562373096","1","0","17","0"
"PolygonData","Cp","90.5","112","-10.000000000000002","U","-1","0","-1.2246467991473532E-16","V","0","1","0","Size","4"
"PList","1.5","0","0","9.184850993605148E-17","1.5","1","-1.5","1.8369701987210297E-16","0","-2.755455298081545E-16","-1.5","1"
"PolygonData","Cp","85.5","121.5","-10.000000000000002","U","-1","0","-1.2246467991473532E-16","V","0","1","0","Size","4"
"PList","-0","-10","0","8","-10","0","8","-3","0","-0","-3","0"
"PolygonData","Cp","64.5","121.50000000000001","-10.000000000000005","U","1","-1.2246467991473532E-16","1.2246467991473532E-16","V","1.2246467991473532E-16","1","1.4997597826618576E-32","Size","4"
"PList","-0","-10","0","8","-10","0","8","-3","0","-0","-3","0"
"PolygonData","Cp","59.5","112","-10.000000000000005","U","-1","0","-1.2246467991473532E-16","V","0","1","0","Size","4"
"PList","1.5","0","0","9.184850993605148E-17","1.5","1","-1.5","1.8369701987210297E-16","0","-2.755455298081545E-16","-1.5","1"
"DataEnd"
"ID","Extrusion"
"LineColor","Black","LineThickness","1","LineType","0","FaceColor","Black","DivideAngle","0.2617993877991494","Disp2D","True","Disp3D","True","EdgeDisp","True","Reverse","False","EdgeReverse","False","Group","1","LayerSize","8"
"DispLayerBit","80","00","00","00","00","00","00","00"
"PropertyEnd"
"ExtrusionData"
"Vector","-8.6","0","-1.0531962472667237E-15"
"Loop","True"
"PolygonData","Cp","85.5","75.3","-10.000000000000002","U","-1.2246467991473532E-16","0","1","V","0","1","0","Size","15"
"PList","-8","40","0","-8","36","0","-9.808529621698787","32.41488222698072","1","-13","28","0","-12","27","0","-9","31","0","-7","29","0","-6","30","0","-8","32","0","-7","35","0","-7","38","0","-1","38","0","-1","39","0","-7","39","0","-7","40","0"
"DataEnd"
"ID","Extrusion"
"LineColor","Red","LineThickness","1","LineType","0","FaceColor","Red","DivideAngle","0.2617993877991494","Disp2D","True","Disp3D","True","EdgeDisp","True","Reverse","False","EdgeReverse","False","Group","1","LayerSize","8"
"DispLayerBit","80","00","00","00","00","00","00","00"
"PropertyEnd"
"ExtrusionData"
"Vector","-8.6","0","-1.0531962472667237E-15"
"Loop","True"
"PolygonData","Cp","73.1","75.3","-10.000000000000004","U","-1.2246467991473532E-16","0","1","V","0","1","0","Size","15"
"PList","-8","40","0","-8","36","0","-9.808529621698787","32.41488222698072","1","-13","28","0","-12","27","0","-9","31","0","-7","29","0","-6","30","0","-8","32","0","-7","35","0","-7","38","0","-1","38","0","-1","39","0","-7","39","0","-7","40","0"
"DataEnd"
"ID","Extrusion"
"LineColor","DarkGray","LineThickness","1","LineType","0","FaceColor","DarkGray","DivideAngle","0.2617993877991494","Disp2D","True","Disp3D","True","EdgeDisp","True","Reverse","True","EdgeReverse","False","Group","1","LayerSize","8"
"DispLayerBit","80","00","00","00","00","00","00","00"
"PropertyEnd"
"ExtrusionData"
"Vector","-1","0","-1.2246467991473532E-16"
"Loop","True"
"PolygonData","Cp","86.5","105.3","-10.000000000000005","U","1.1918862597250518E-16","0.22975292054736146","-0.9732489894677301","V","-2.8136617874308237E-17","0.9732489894677301","0.22975292054736146","Size","5"
"PList","0","0","0","5.743823013684035","0","1","10.881254497414107","2.5687157418650437","0","12.81117903001194","10.744007253393967","0","3.0786891353346397","13.041536458867581","0"
"DataEnd"
"ID","Blend"
"LineColor","DarkGray","LineThickness","1","LineType","0","FaceColor","DarkGray","DivideAngle","0.2617993877991494","Disp2D","True","Disp3D","True","EdgeDisp","True","Reverse","False","EdgeReverse","False","Group","1","LayerSize","8"
"DispLayerBit","80","00","00","00","00","00","00","00"
"PropertyEnd"
"Blend"
"PolylineData","Cp","76.9","105.3","-10.000000000000007","U","1.1918862597250518E-16","0.22975292054736146","-0.9732489894677301","V","-2.8136617874308237E-17","0.9732489894677301","0.22975292054736146","Size","6"
"PList","0","0","0","5.743823013684035","0","1","10.881254497414107","2.5687157418650437","0","12.81117903001194","10.744007253393967","0","3.0786891353346397","13.041536458867581","0","0","0","0"
"PolylineData","Cp","73.1","105.3","-10.000000000000007","U","1.473252438468134E-16","0.22975292054736146","-0.9732489894677301","V","9.105200809819695E-17","0.9732489894677301","0.22975292054736146","Size","6"
"PList","0","0","0","5.743823013684035","0","1","10.881254497414107","2.5687157418650437","0","12.81117903001194","10.744007253393967","0","3.0786891353346397","13.041536458867581","0","0","0","0"
"DataEnd"
"ID","Extrusion"
"LineColor","DarkGray","LineThickness","1","LineType","0","FaceColor","DarkGray","DivideAngle","0.2617993877991494","Disp2D","True","Disp3D","True","EdgeDisp","True","Reverse","False","EdgeReverse","False","Group","1","LayerSize","8"
"DispLayerBit","80","00","00","00","00","00","00","00"
"PropertyEnd"
"ExtrusionData"
"Vector","1","-1.2246467991473532E-16","1.2246467991473532E-16"
"Loop","True"
"PolygonData","Cp","63.5","105.30000000000001","-10.000000000000009","U","1.473252438468134E-16","0.22975292054736146","-0.9732489894677301","V","9.105200809819695E-17","0.9732489894677301","0.22975292054736146","Size","5"
"PList","0","0","0","5.743823013684035","0","1","10.881254497414107","2.5687157418650437","0","12.81117903001194","10.744007253393967","0","3.0786891353346397","13.041536458867581","0"
"DataEnd"
"ID","Extrusion"
"LineColor","DarkGray","LineThickness","1","LineType","0","FaceColor","DarkGray","DivideAngle","0.2617993877991494","Disp2D","True","Disp3D","True","EdgeDisp","True","Reverse","True","EdgeReverse","False","Group","1","LayerSize","8"
"DispLayerBit","80","00","00","00","00","00","00","00"
"PropertyEnd"
"ExtrusionData"
"Vector","0","-1","0"
"Loop","True"
"PolygonData","Cp","86.5","118.7","-10.000000000000002","U","-1","0","-1.2246467991473532E-16","V","-1.2246467991473532E-16","0","1","Size","4"
"PList","0","-10","0","23","-10","0","23","0","0","0","0","0"
"DataEnd"
"ID","Line"
"LineColor","Black","LineThickness","1","LineType","2","FaceColor","CadetBlue","DivideAngle","0.2617993877991494","Disp2D","True","Disp3D","False","EdgeDisp","True","Reverse","False","EdgeReverse","False","Group","1","LayerSize","8"
"DispLayerBit","80","00","00","00","00","00","00","00"
"PropertyEnd"
"LineData","Sp","90.5","119.5","-10.000000000000002","V","0","-15","0"
"DataEnd"
"ID","Line"
"LineColor","Black","LineThickness","1","LineType","2","FaceColor","CadetBlue","DivideAngle","0.2617993877991494","Disp2D","True","Disp3D","False","EdgeDisp","True","Reverse","False","EdgeReverse","False","Group","1","LayerSize","8"
"DispLayerBit","80","00","00","00","00","00","00","00"
"PropertyEnd"
"LineData","Sp","94","112","-10.000000000000002","V","-38","0","-5.329070518200751E-15"
"DataEnd"
"ID","Line"
"LineColor","Black","LineThickness","1","LineType","2","FaceColor","CadetBlue","DivideAngle","0.2617993877991494","Disp2D","True","Disp3D","False","EdgeDisp","True","Reverse","False","EdgeReverse","False","Group","1","LayerSize","8"
"DispLayerBit","80","00","00","00","00","00","00","00"
"PropertyEnd"
"LineData","Sp","75","121.5","-10.000000000000004","V","0","-19","0"
"DataEnd"
"ID","Line"
"LineColor","Black","LineThickness","1","LineType","2","FaceColor","CadetBlue","DivideAngle","0.2617993877991494","Disp2D","True","Disp3D","False","EdgeDisp","True","Reverse","False","EdgeReverse","False","Group","1","LayerSize","8"
"DispLayerBit","80","00","00","00","00","00","00","00"
"PropertyEnd"
"LineData","Sp","59.5","119.5","-10.000000000000005","V","0","-15","0"
"DataEnd"
"ID","Extrusion"
"LineColor","DarkGray","LineThickness","1","LineType","0","FaceColor","DarkGray","DivideAngle","0.2617993877991494","Disp2D","True","Disp3D","True","EdgeDisp","True","Reverse","False","EdgeReverse","False","Group","1","LayerSize","8"
"DispLayerBit","80","00","00","00","00","00","00","00"
"PropertyEnd"
"ExtrusionData"
"Vector","1.2246467991473532E-16","0","-1"
"Loop","True"
"PolygonData","Cp","86.5","75.3","-10.000000000000002","U","-1","0","-1.2246467991473532E-16","V","0","1","0","Size","4"
"PList","-0","30","0","23","30","0","23","43.4","0","-0","43.4","0"
"PolygonData","Cp","86.5","75.3","-10.000000000000002","U","-1","0","-1.2246467991473532E-16","V","0","1","0","Size","4"
"PList","1","35.00000000000001","0","9.6","35.00000000000001","0","9.6","42.4","0","1","42.4","0"
"PolygonData","Cp","63.5","75.30000000000001","-10.000000000000005","U","1","-1.2246467991473532E-16","1.2246467991473532E-16","V","1.2246467991473532E-16","1","1.4997597826618576E-32","Size","4"
"PList","1","35.00000000000001","0","9.6","35.00000000000001","0","9.6","42.4","0","1","42.4","0"
"DataEnd"
"ID","Line"
"LineColor","Black","LineThickness","1","LineType","2","FaceColor","DarkBlue","DivideAngle","0.2617993877991494","Disp2D","True","Disp3D","False","EdgeDisp","True","Reverse","False","EdgeReverse","False","Group","1","LayerSize","8"
"DispLayerBit","80","00","00","00","00","00","00","00"
"PropertyEnd"
"LineData","Sp","86.5","112","-10.000000000000002","V","-23","0","-3.552713678800501E-15"
"DataEnd"
"ID","Line"
"LineColor","Black","LineThickness","1","LineType","2","FaceColor","DarkBlue","DivideAngle","0.2617993877991494","Disp2D","True","Disp3D","False","EdgeDisp","True","Reverse","False","EdgeReverse","False","Group","1","LayerSize","8"
"DispLayerBit","80","00","00","00","00","00","00","00"
"PropertyEnd"
"LineData","Sp","75","118.7","-10.000000000000004","V","0","-13.400000000000006","0"
"DataEnd"
"ID","Blend"
"LineColor","DarkGray","LineThickness","1","LineType","0","FaceColor","DarkGray","DivideAngle","0.2617993877991494","Disp2D","True","Disp3D","True","EdgeDisp","False","Reverse","True","EdgeReverse","False","Group","1","LayerSize","8"
"DispLayerBit","80","00","00","00","00","00","00","00"
"PropertyEnd"
"Blend"
"PolylineData","Cp","86.5","75.3","-20","U","-1","0","-1.2246467991473532E-16","V","0","1","0","Size","5"
"PList","1","35.00000000000001","0","9.6","35.00000000000001","0","9.6","42.4","0","1","42.4","0","1","35.00000000000001","0"
"PolylineData","Cp","86.5","75.3","-19","U","-1","0","-1.2246467991473532E-16","V","0","1","0","Size","5"
"PList","3","37.00000000000001","0","7.6","37.00000000000001","0","7.6","40.400000000000006","0","3","40.400000000000006","0","3","37.00000000000001","0"
"DataEnd"
"ID","Extrusion"
"LineColor","DarkGray","LineThickness","1","LineType","0","FaceColor","DarkGray","DivideAngle","0.2617993877991494","Disp2D","True","Disp3D","True","EdgeDisp","False","Reverse","False","EdgeReverse","False","Group","0","LayerSize","8"
"DispLayerBit","80","00","00","00","00","00","00","00"
"PropertyEnd"
"ExtrusionData"
"Vector","-2.4492935982947064E-16","0","2"
"Loop","True"
"PolygonData","Cp","86.5","75.3","-20","U","-1","0","-1.2246467991473532E-16","V","0","1","0","Size","4"
"PList","1","35.00000000000001","0","9.6","35.00000000000001","0","9.6","42.4","0","1","42.4","0"
"DataEnd"
"ID","Extrusion"
"LineColor","DarkGray","LineThickness","1","LineType","0","FaceColor","DarkGray","DivideAngle","0.2617993877991494","Disp2D","True","Disp3D","True","EdgeDisp","False","Reverse","False","EdgeReverse","False","Group","0","LayerSize","8"
"DispLayerBit","80","00","00","00","00","00","00","00"
"PropertyEnd"
"ExtrusionData"
"Vector","-1.2246467991473532E-16","0","1"
"Loop","True"
"PolygonData","Cp","86.5","75.3","-19","U","-1","0","-1.2246467991473532E-16","V","0","1","0","Size","4"
"PList","3","37.00000000000001","0","7.6","37.00000000000001","0","7.6","40.400000000000006","0","3","40.400000000000006","0"
"DataEnd"
"ID","Blend"
"LineColor","DarkGray","LineThickness","1","LineType","0","FaceColor","DarkGray","DivideAngle","0.2617993877991494","Disp2D","True","Disp3D","True","EdgeDisp","False","Reverse","True","EdgeReverse","False","Group","1","LayerSize","8"
"DispLayerBit","80","00","00","00","00","00","00","00"
"PropertyEnd"
"Blend"
"PolylineData","Cp","74.1","75.3","-20.000000000000004","U","-1","0","-1.2246467991473532E-16","V","0","1","0","Size","5"
"PList","1","35.00000000000001","0","9.6","35.00000000000001","0","9.6","42.4","0","1","42.4","0","1","35.00000000000001","0"
"PolylineData","Cp","74.1","75.3","-19.000000000000004","U","-1","0","-1.2246467991473532E-16","V","0","1","0","Size","5"
"PList","3","37.00000000000001","0","7.6","37.00000000000001","0","7.6","40.400000000000006","0","3","40.400000000000006","0","3","37.00000000000001","0"
"DataEnd"
"ID","Extrusion"
"LineColor","DarkGray","LineThickness","1","LineType","0","FaceColor","DarkGray","DivideAngle","0.2617993877991494","Disp2D","True","Disp3D","True","EdgeDisp","False","Reverse","False","EdgeReverse","False","Group","1","LayerSize","8"
"DispLayerBit","80","00","00","00","00","00","00","00"
"PropertyEnd"
"ExtrusionData"
"Vector","-2.4492935982947064E-16","0","2"
"Loop","True"
"PolygonData","Cp","63.5","75.30000000000001","-20.000000000000007","U","1","-1.2246467991473532E-16","1.2246467991473532E-16","V","1.2246467991473532E-16","1","1.4997597826618576E-32","Size","4"
"PList","1","35.00000000000001","0","9.6","35.00000000000001","0","9.6","42.4","0","1","42.4","0"
"DataEnd"
"ID","Extrusion"
"LineColor","DarkGray","LineThickness","1","LineType","0","FaceColor","DarkGray","DivideAngle","0.2617993877991494","Disp2D","True","Disp3D","True","EdgeDisp","False","Reverse","False","EdgeReverse","False","Group","0","LayerSize","8"
"DispLayerBit","80","00","00","00","00","00","00","00"
"PropertyEnd"
"ExtrusionData"
"Vector","-1.2246467991473532E-16","0","1"
"Loop","True"
"PolygonData","Cp","63.5","75.30000000000001","-19.000000000000007","U","1","-1.2246467991473532E-16","1.2246467991473532E-16","V","1.2246467991473532E-16","1","1.4997597826618576E-32","Size","4"
"PList","3","37.00000000000001","0","7.6","37.00000000000001","0","7.6","40.400000000000006","0","3","40.400000000000006","0"
"DataEnd"
"ID","Arc"
"LineColor","Black","LineThickness","1","LineType","0","FaceColor","Black","DivideAngle","0.2617993877991494","Disp2D","True","Disp3D","True","EdgeDisp","True","Reverse","False","EdgeReverse","False","Group","0","LayerSize","8"
"DispLayerBit","00","01","00","00","00","00","00","00"
"PropertyEnd"
"ArcData","Cp","75","108.00000000000001","179.7","R","46","U","1","0","0","V","0","1","0","Sa","0","Ea","6.283185307179586"
"DataEnd"
"ID","Arc"
"LineColor","Black","LineThickness","1","LineType","2","FaceColor","Black","DivideAngle","0.2617993877991494","Disp2D","True","Disp3D","False","EdgeDisp","True","Reverse","False","EdgeReverse","False","Group","0","LayerSize","8"
"DispLayerBit","00","01","00","00","00","00","00","00"
"PropertyEnd"
"ArcData","Cp","75","108.00000000000001","179.7","R","57.5","U","1","0","0","V","0","1","0","Sa","3.7911442491222767","Ea","4.088660037280945"
"DataEnd"
"ID","Arc"
"LineColor","Black","LineThickness","1","LineType","2","FaceColor","Black","DivideAngle","0.2617993877991494","Disp2D","True","Disp3D","False","EdgeDisp","True","Reverse","False","EdgeReverse","False","Group","0","LayerSize","8"
"DispLayerBit","00","01","00","00","00","00","00","00"
"PropertyEnd"
"ArcData","Cp","75","108.00000000000001","179.7","R","57.5","U","1","0","0","V","0","1","0","Sa","5.373036436823557","Ea","5.655019859290321"
"DataEnd"
"ID","Arc"
"LineColor","Black","LineThickness","1","LineType","2","FaceColor","Black","DivideAngle","0.2617993877991494","Disp2D","True","Disp3D","False","EdgeDisp","True","Reverse","False","EdgeReverse","False","Group","0","LayerSize","8"
"DispLayerBit","00","01","00","00","00","00","00","00"
"PropertyEnd"
"ArcData","Cp","75","108.00000000000001","179.7","R","57.5","U","1","0","0","V","0","1","0","Sa","0.5810217660517017","Ea","0.9539816975091456"
"DataEnd"
"ID","Arc"
"LineColor","Black","LineThickness","1","LineType","2","FaceColor","Black","DivideAngle","0.2617993877991494","Disp2D","True","Disp3D","False","EdgeDisp","True","Reverse","False","EdgeReverse","False","Group","0","LayerSize","8"
"DispLayerBit","00","01","00","00","00","00","00","00"
"PropertyEnd"
"ArcData","Cp","75","108.00000000000001","179.7","R","57.5","U","1","0","0","V","0","1","0","Sa","2.1315579269170124","Ea","2.5152340403553612"
"DataEnd"
"ID","Line"
"LineColor","Black","LineThickness","1","LineType","2","FaceColor","Black","DivideAngle","0.2617993877991494","Disp2D","True","Disp3D","False","EdgeDisp","True","Reverse","False","EdgeReverse","False","Group","0","LayerSize","8"
"DispLayerBit","00","01","00","00","00","00","00","00"
"PropertyEnd"
"LineData","Sp","38.52136100000001","144.47863900000002","179.7","V","-8.457355000000007","8.457355000000007","0"
"DataEnd"
"ID","Line"
"LineColor","Black","LineThickness","1","LineType","2","FaceColor","Black","DivideAngle","0.2617993877991494","Disp2D","True","Disp3D","False","EdgeDisp","True","Reverse","False","EdgeReverse","False","Group","0","LayerSize","8"
"DispLayerBit","00","01","00","00","00","00","00","00"
"PropertyEnd"
"LineData","Sp","38.30185499999999","71.301855","179.7","V","-9.282463000000007","-9.282462999999979","0"
"DataEnd"
"ID","Line"
"LineColor","Black","LineThickness","1","LineType","2","FaceColor","Black","DivideAngle","0.2617993877991494","Disp2D","True","Disp3D","False","EdgeDisp","True","Reverse","False","EdgeReverse","False","Group","0","LayerSize","8"
"DispLayerBit","00","01","00","00","00","00","00","00"
"PropertyEnd"
"LineData","Sp","111.95595900000001","71.044041","179.7","V","8.251078000000007","-8.251078000000007","0"
"DataEnd"
"ID","Line"
"LineColor","Black","LineThickness","1","LineType","2","FaceColor","Black","DivideAngle","0.2617993877991494","Disp2D","True","Disp3D","False","EdgeDisp","True","Reverse","False","EdgeReverse","False","Group","0","LayerSize","8"
"DispLayerBit","00","01","00","00","00","00","00","00"
"PropertyEnd"
"LineData","Sp","112.14900699999998","145.149007","179.7","V","6.910278000000005","6.910278000000005","0"
"DataEnd"
"ID","Line"
"LineColor","Black","LineThickness","1","LineType","2","FaceColor","Black","DivideAngle","0.2617993877991494","Disp2D","True","Disp3D","False","EdgeDisp","True","Reverse","False","EdgeReverse","False","Group","0","LayerSize","8"
"DispLayerBit","00","01","00","00","00","00","00","00"
"PropertyEnd"
"LineData","Sp","51","108.00000000000001","179.7","V","48","0","0"
"DataEnd"
"ID","Line"
"LineColor","Black","LineThickness","1","LineType","2","FaceColor","Black","DivideAngle","0.2617993877991494","Disp2D","True","Disp3D","False","EdgeDisp","True","Reverse","False","EdgeReverse","False","Group","0","LayerSize","8"
"DispLayerBit","00","01","00","00","00","00","00","00"
"PropertyEnd"
"LineData","Sp","75","134.00000000000003","179.7","V","0","-48","0"
"DataEnd"
"ID","Revolution"
"LineColor","Bisque","LineThickness","1","LineType","0","FaceColor","Bisque","DivideAngle","0.2617993877991494","Disp2D","True","Disp3D","True","EdgeDisp","True","Reverse","True","EdgeReverse","False","Group","2","LayerSize","8"
"DispLayerBit","00","01","00","00","00","00","00","00"
"PropertyEnd"
"CenterLineData","Sp","75","108.00000000000001","182.2","V","0","0","-30"
"OutlineData","Cp","75","108.00000000000001","160.0333333333333","U","0.8","0","0.6","V","0.5999999999999999","0","-0.8","Sa","0","Ea","6.283185307179586","Loop","False","Size","7"
"PList","-7.5","-8.333333333333334","0","-5.087618321313671","-9.990524724011143","2","-2.3285238617166244","-10.966878364870322","2","0.5892556509887852","-11.195857368787005","2","3.4668783648703143","-10.66185719504996","2","6.1082390474733215","-9.401269073022359","2","6.726812023536853","-8.969082698049142","0"
"DataEnd"
"ID","Revolution"
"LineColor","DimGray","LineThickness","1","LineType","0","FaceColor","DimGray","DivideAngle","0.2617993877991494","Disp2D","True","Disp3D","True","EdgeDisp","True","Reverse","False","EdgeReverse","False","Group","2","LayerSize","8"
"DispLayerBit","00","01","00","00","00","00","00","00"
"PropertyEnd"
"CenterLineData","Sp","75","108.00000000000001","158.2","V","0","0","25"
"OutlineData","Cp","34.5","108.00000000000001","179.95","U","0.8320502943378437","0","-0.5547001962252291","V","0.5547001962252294","0","0.8320502943378435","Sa","0","Ea","6.283185307179586","Loop","False","Size","11"
"PList","-3.6055512754639882","-4.5069390943299865","0","-2.316213422250452","-5.286554206908962","2","-0.8690294520342088","-5.705899386730993","2","0.6373774391990932","-5.736396952791883","2","2.1003481112669977","-5.375968546364194","2","3.4201835305414243","-4.64917676770987","2","4.506939094329979","-3.6055512754639967","2","5.286554206908957","-2.316213422250462","2","5.705899386730991","-0.8690294520342193","2","5.736396952791884","0.6373774391990825","2","5.54700196225229","1.594763064147534","0"
"DataEnd"
"ID","Extrusion"
"LineColor","Black","LineThickness","1","LineType","0","FaceColor","Black","DivideAngle","0.2617993877991494","Disp2D","True","Disp3D","True","EdgeDisp","True","Reverse","False","EdgeReverse","False","Group","1","LayerSize","8"
"DispLayerBit","00","01","00","00","00","00","00","00"
"PropertyEnd"
"ExtrusionData"
"Vector","0","0","-2.5999999999999996"
"Loop","True"
"PolygonData","Cp","29.03806018515914","62.03805887808382","179.7","U","0.986816301374401","-0.16184433058265346","0","V","0.16184433058265368","0.986816301374401","0","Size","12"
"PList","-0","0","0","46.575983545090175","-8.881784197001254E-16","1","90.71198290414827","14.8773587632263","0","90.71198398244873","14.877360264612227","0","90.7119839824487","61.453343809702396","1","75.83462521922247","105.5893431687604","0","75.83462371783652","105.58934424706091","0","29.258640172746254","105.58934424706092","1","-14.8773591863118","90.71198548383462","0","-14.877360264612232","90.71198398244876","0","-14.877360264612241","44.13600043735852","1","-1.5013859719843107E-06","1.0783004967322964E-06","0"
"PolygonData","Cp","115.65863999999999","67.34136000000002","179.7","U","1","0","0","V","0","1","0","Size","4"
"PList","2.25","0","0","1.3777276490407724E-16","2.25","1","-2.25","2.755455298081545E-16","0","-4.1331829471223167E-16","-2.25","1"
"PolygonData","Cp","115.65863999999999","148.65864000000002","179.7","U","1","0","0","V","0","1","0","Size","4"
"PList","2.25","0","0","1.3777276490407724E-16","2.25","1","-2.25","2.755455298081545E-16","0","-4.1331829471223167E-16","-2.25","1"
"PolygonData","Cp","34.34136000000001","148.65864000000002","179.7","U","1","0","0","V","0","1","0","Size","4"
"PList","2.25","0","0","1.3777276490407724E-16","2.25","1","-2.25","2.755455298081545E-16","0","-4.1331829471223167E-16","-2.25","1"
"PolygonData","Cp","34.34136000000001","67.34136000000002","179.7","U","1","0","0","V","0","1","0","Size","4"
"PList","2.25","0","0","1.3777276490407724E-16","2.25","1","-2.25","2.755455298081545E-16","0","-4.1331829471223167E-16","-2.25","1"
"PolygonData","Cp","75","108.00000000000001","179.7","U","1","0","0","V","0","1","0","Size","4"
"PList","50","0","0","3.061616997868383E-15","50","1","-50","6.123233995736766E-15","0","-9.184850993605149E-15","-50","1"
"DataEnd"
"ID","Revolution"
"LineColor","Black","LineThickness","1","LineType","2","FaceColor","Black","DivideAngle","0.2617993877991494","Disp2D","True","Disp3D","True","EdgeDisp","True","Reverse","False","EdgeReverse","False","Group","2","LayerSize","8"
"DispLayerBit","00","01","00","00","00","00","00","00"
"PropertyEnd"
"CenterLineData","Sp","75","108","135.7","V","0","0","-26"
"OutlineData","Cp","75","108","147.1","U","0","1","0","V","0","0","-1","Sa","0","Ea","6.283185307179586","Loop","False","Size","6"
"PList","0","0","0","36.99999999999997","0","0","37.00000000000006","18.099999999999994","0","35.82842712474588","20.92842712474618","1","32.999999999999574","22.099999999999994","0","0","22.099999999999994","0"
"DataEnd"
"ID","Revolution"
"LineColor","DarkGray","LineThickness","1","LineType","2","FaceColor","DarkGray","DivideAngle","0.2617993877991494","Disp2D","True","Disp3D","True","EdgeDisp","True","Reverse","False","EdgeReverse","False","Group","2","LayerSize","8"
"DispLayerBit","00","01","00","00","00","00","00","00"
"PropertyEnd"
"CenterLineData","Sp","75","108","149.7","V","0","0","-14"
"OutlineData","Cp","75","108","147.1","U","0","1","0","V","0","0","1","Sa","0","Ea","6.283185307179586","Loop","False","Size","4"
"PList","-0","-0","0","31.5","-0","0","31.500000000000014","6","0","-0","6","0"
"DataEnd"
"ID","Revolution"
"LineColor","DarkGray","LineThickness","1","LineType","2","FaceColor","DarkGray","DivideAngle","0.2617993877991494","Disp2D","True","Disp3D","True","EdgeDisp","True","Reverse","False","EdgeReverse","False","Group","2","LayerSize","8"
"DispLayerBit","00","01","00","00","00","00","00","00"
"PropertyEnd"
"CenterLineData","Sp","75","108","158.7","V","0","0","-9"
"OutlineData","Cp","75","145.00000000000003","153.1","U","0","0.3511234415883917","0.9363291775690445","V","0","-0.9363291775690441","0.3511234415883925","Sa","0","Ea","6.283185307179586","Loop","False","Size","3"
"PList","4.272001872658766","-0","0","0","0","0","-1.93117892873616","5.1498104766297494","0"
"DataEnd"
"ID","Revolution"
"LineColor","DarkGray","LineThickness","1","LineType","2","FaceColor","DarkGray","DivideAngle","0.2617993877991494","Disp2D","True","Disp3D","True","EdgeDisp","True","Reverse","False","EdgeReverse","False","Group","2","LayerSize","8"
"DispLayerBit","00","01","00","00","00","00","00","00"
"PropertyEnd"
"CenterLineData","Sp","75","108","189.7","V","0","0","-18"
"OutlineData","Cp","75","154","177.1","U","0","1","0","V","-5.928593550334456E-17","0","-1","Sa","0","Ea","6.283185307179586","Loop","False","Size","3"
"PList","4","0","0","0","0","0","-1.499999999999993","3.999999999999986","0"
"DataEnd"
"ID","Line"
"LineColor","Black","LineThickness","1","LineType","1","FaceColor","Black","DivideAngle","0.2617993877991494","Disp2D","True","Disp3D","False","EdgeDisp","True","Reverse","False","EdgeReverse","False","Group","2","LayerSize","8"
"DispLayerBit","00","01","00","00","00","00","00","00"
"PropertyEnd"
"LineData","Sp","75","152","157.1","V","0","-28","0"
"DataEnd"
"ID","Line"
"LineColor","Black","LineThickness","1","LineType","1","FaceColor","Black","DivideAngle","0.2617993877991494","Disp2D","True","Disp3D","False","EdgeDisp","True","Reverse","False","EdgeReverse","False","Group","2","LayerSize","8"
"DispLayerBit","00","01","00","00","00","00","00","00"
"PropertyEnd"
"LineData","Sp","75","161.5","173.1","V","0","-106.99999999999997","0"
"DataEnd"
"ID","Line"
"LineColor","Black","LineThickness","1","LineType","2","FaceColor","Black","DivideAngle","0.2617993877991494","Disp2D","True","Disp3D","False","EdgeDisp","True","Reverse","False","EdgeReverse","False","Group","2","LayerSize","8"
"DispLayerBit","00","01","00","00","00","00","00","00"
"PropertyEnd"
"LineData","Sp","75","161.5","177.1","V","0","-106.99999999999997","0"
"DataEnd"
"ID","Revolution"
"LineColor","DarkGray","LineThickness","1","LineType","0","FaceColor","DarkGray","DivideAngle","0.2617993877991494","Disp2D","True","Disp3D","True","EdgeDisp","True","Reverse","False","EdgeReverse","False","Group","2","LayerSize","8"
"DispLayerBit","00","03","00","00","00","00","00","00"
"PropertyEnd"
"CenterLineData","Sp","75","108.00000000000001","158.2","V","0","0","23"
"OutlineData","Cp","75","108.00000000000001","198.2","U","1","0","0","V","0","0","-1","Sa","0","Ea","6.283185307179586","Loop","False","Size","5"
"PList","-50","18.5","0","-46","18.5","0","-46","20","0","-50","20","0","-50","18.5","0"
"DataEnd"
"ID","Revolution"
"LineColor","Brown","LineThickness","1","LineType","0","FaceColor","Brown","DivideAngle","0.2617993877991494","Disp2D","True","Disp3D","True","EdgeDisp","True","Reverse","False","EdgeReverse","False","Group","2","LayerSize","8"
"DispLayerBit","00","01","00","00","00","00","00","00"
"PropertyEnd"
"CenterLineData","Sp","75","108.00000000000001","159.7","V","0","0","-20"
"OutlineData","Cp","75","117.00000000000001","159.7","U","0","0","-1","V","0","-1","-6.123233995736766E-17","Sa","0","Ea","6.283185307179586","Loop","False","Size","2"
"PList","0","-0","0","20","0","0"
"DataEnd"
"ID","Revolution"
"LineColor","Bisque","LineThickness","1","LineType","0","FaceColor","Bisque","DivideAngle","0.2617993877991494","Disp2D","True","Disp3D","True","EdgeDisp","True","Reverse","True","EdgeReverse","False","Group","2","LayerSize","8"
"DispLayerBit","00","01","00","00","00","00","00","00"
"PropertyEnd"
"CenterLineData","Sp","75","108.00000000000001","176.7","V","0","0","-4"
"OutlineData","Cp","75","160.21666666666684","126.48333333333323","U","0","-0.8831157194574104","-0.4691552259617499","V","0","0.4691552259617513","-0.8831157194574095","Sa","0","Ea","6.283185307179586","Loop","False","Size","4"
"PList","-9.058835465996724","-53.7490904315807","0","5.161125127921133","-54.262233732460565","2","19.02936357353371","-51.07749547705435","2","22.581544920188314","-49.6094854966241","0"
"DataEnd"
"ID","Revolution"
"LineColor","DarkGray","LineThickness","1","LineType","0","FaceColor","DarkGray","DivideAngle","0.2617993877991494","Disp2D","True","Disp3D","True","EdgeDisp","True","Reverse","True","EdgeReverse","False","Group","2","LayerSize","8"
"DispLayerBit","00","01","00","00","00","00","00","00"
"PropertyEnd"
"CenterLineData","Sp","75","108","171.7","V","0","0","-13"
"OutlineData","Cp","108.3419780457009","88.74999999999997","157.1","U","0.30408182027976804","-0.1755617207941957","0.9363291775690447","V","-0.17556172079419569","-0.30408182027976804","0.9363291775690447","Sa","1.3962634015954636","Ea","1.7453292519943295","Loop","False","Size","2"
"PList","0","0","0","17.088007490635075","0","0"
"DataEnd"
"ID","Revolution"
"LineColor","DarkGray","LineThickness","1","LineType","0","FaceColor","DarkGray","DivideAngle","0.2617993877991494","Disp2D","True","Disp3D","True","EdgeDisp","True","Reverse","True","EdgeReverse","False","Group","2","LayerSize","8"
"DispLayerBit","00","01","00","00","00","00","00","00"
"PropertyEnd"
"CenterLineData","Sp","75","108","171.7","V","0","0","-13"
"OutlineData","Cp","108.3419780457009","127.24999999999997","157.1","U","0.3040818202797681","0.17556172079419533","0.9363291775690449","V","0.17556172079419535","-0.3040818202797681","0.9363291775690449","Sa","1.3962634015954636","Ea","1.7453292519943295","Loop","False","Size","2"
"PList","0","-0","0","17.08800749063507","-0","0"
"DataEnd"
"ID","Revolution"
"LineColor","DarkGray","LineThickness","1","LineType","0","FaceColor","DarkGray","DivideAngle","0.2617993877991494","Disp2D","True","Disp3D","True","EdgeDisp","True","Reverse","True","EdgeReverse","False","Group","2","LayerSize","8"
"DispLayerBit","00","01","00","00","00","00","00","00"
"PropertyEnd"
"CenterLineData","Sp","75","108","171.7","V","0","0","-13"
"OutlineData","Cp","75","146.50000000000003","157.1","U","0","0.3511234415883911","0.9363291775690449","V","0.3511234415883911","2.150010994234129E-17","0.9363291775690449","Sa","1.3962634015954636","Ea","1.7453292519943295","Loop","False","Size","2"
"PList","-0","-0","0","17.08800749063507","-0","0"
"DataEnd"
"ID","Revolution"
"LineColor","DarkGray","LineThickness","1","LineType","0","FaceColor","DarkGray","DivideAngle","0.2617993877991494","Disp2D","True","Disp3D","True","EdgeDisp","True","Reverse","True","EdgeReverse","False","Group","2","LayerSize","8"
"DispLayerBit","00","01","00","00","00","00","00","00"
"PropertyEnd"
"CenterLineData","Sp","75","108","171.7","V","0","0","-13"
"OutlineData","Cp","41.6580219542991","127.25000000000003","157.1","U","-0.30408182027976804","0.1755617207941957","0.9363291775690447","V","0.17556172079419569","0.30408182027976804","0.9363291775690447","Sa","1.3962634015954636","Ea","1.7453292519943295","Loop","False","Size","2"
"PList","-0","0","0","17.088007490635075","-0","0"
"DataEnd"
"ID","Revolution"
"LineColor","DarkGray","LineThickness","1","LineType","0","FaceColor","DarkGray","DivideAngle","0.2617993877991494","Disp2D","True","Disp3D","True","EdgeDisp","True","Reverse","True","EdgeReverse","False","Group","2","LayerSize","8"
"DispLayerBit","00","01","00","00","00","00","00","00"
"PropertyEnd"
"CenterLineData","Sp","75","108","171.7","V","0","0","-13"
"OutlineData","Cp","41.6580219542991","88.75","157.1","U","-0.3040818202797681","-0.17556172079419555","0.9363291775690449","V","-0.17556172079419557","0.3040818202797681","0.9363291775690449","Sa","1.3962634015954636","Ea","1.7453292519943295","Loop","False","Size","2"
"PList","0","0","0","17.08800749063507","0","0"
"DataEnd"
"ID","Revolution"
"LineColor","DarkGray","LineThickness","1","LineType","0","FaceColor","DarkGray","DivideAngle","0.2617993877991494","Disp2D","True","Disp3D","True","EdgeDisp","True","Reverse","True","EdgeReverse","False","Group","2","LayerSize","8"
"DispLayerBit","00","01","00","00","00","00","00","00"
"PropertyEnd"
"CenterLineData","Sp","75","108","171.7","V","0","0","-13"
"OutlineData","Cp","74.99999999999997","69.49999999999999","157.1","U","-1.3877787807814457E-16","-0.3511234415883911","0.9363291775690449","V","-0.3511234415883911","1.1727776813580326E-16","0.9363291775690449","Sa","1.3962634015954636","Ea","1.7453292519943295","Loop","False","Size","2"
"PList","0","0","0","17.08800749063507","0","0"
"DataEnd"
"ID","Revolution"
"LineColor","Bisque","LineThickness","1","LineType","0","FaceColor","Bisque","DivideAngle","0.2617993877991494","Disp2D","True","Disp3D","True","EdgeDisp","True","Reverse","True","EdgeReverse","False","Group","2","LayerSize","8"
"DispLayerBit","00","01","00","00","00","00","00","00"
"PropertyEnd"
"CenterLineData","Sp","75","108.00000000000001","148.7","V","0","0","5"
"OutlineData","Cp","75","108.00000000000001","174.7","U","1","0","0","V","0","0","-1","Sa","0","Ea","6.283185307179586","Loop","False","Size","13"
"PList","-10.631569860407215","17.500000000000004","0","-13","19","0","-15","17","0","-17","19","0","-19","17","0","-21","19","0","-23","17","0","-25","19","0","-27","17","0","-29","19","0","-31","17","0","-33","19","0","-35","18","0"
"DataEnd"
"EntityEnd"
