﻿"AppName","Cad3DApp","ver","0","rew","1"
"DataManage"
"EntityBrush","Coral"
"ZumenComment",""
"Memo",""
"Layer"
"LayerSize","64"
"DispLayerBit","37","00","00","00","00","00","00","00"
"LayerAll","False"
"LayerList","0","天板","1","底板","2","左側板","3","右側板","4","背板","5","バッフル版"
"LayerEnd"
"Group"
"GroupList"
"GroupEnd"
"DataManageEnd"
"DataDraw"
"GridSize","10"
"Area","-1.0658141036401503E-14","0","-9","150","168","190"
"DataDrawEnd"
"Entity"
"ID","Extrusion"
"LineColor","BurlyWood","LineThickness","1","LineType","0","FaceColor","BurlyWood","DivideAngle","0.2617993877991494","Disp2D","True","Disp3D","True","EdgeDisp","True","Reverse","False","EdgeReverse","False","Group","1","LayerSize","8"
"DispLayerBit","01","00","00","00","00","00","00","00"
"PropertyEnd"
"ExtrusionData"
"Vector","0","9","-5.51091059616309E-16"
"Loop","True"
"PolygonData","Cp","0","159","5.51091059616309E-16","U","1","0","0","V","0","6.123233995736766E-17","1","Size","4"
"PList","-0","-0","0","150","-0","0","150","168","0","-0","168","0"
"DataEnd"
"ID","Extrusion"
"LineColor","BurlyWood","LineThickness","1","LineType","0","FaceColor","BurlyWood","DivideAngle","0.2617993877991494","Disp2D","True","Disp3D","True","EdgeDisp","True","Reverse","False","EdgeReverse","False","Group","1","LayerSize","8"
"DispLayerBit","04","00","00","00","00","00","00","00"
"PropertyEnd"
"ExtrusionData"
"Vector","-9","5.51091059616309E-16","-5.51091059616309E-16"
"Loop","True"
"PolygonData","Cp","9","9","0","U","6.123233995736766E-17","1","0","V","-6.123233995736766E-17","3.749399456654644E-33","1","Size","4"
"PList","-0","-0","0","150","-0","0","150","168","0","-0","168","0"
"DataEnd"
"ID","Extrusion"
"LineColor","BurlyWood","LineThickness","1","LineType","0","FaceColor","BurlyWood","DivideAngle","0.2617993877991494","Disp2D","True","Disp3D","True","EdgeDisp","True","Reverse","False","EdgeReverse","False","Group","1","LayerSize","8"
"DispLayerBit","08","00","00","00","00","00","00","00"
"PropertyEnd"
"ExtrusionData"
"Vector","-9","5.51091059616309E-16","-5.51091059616309E-16"
"Loop","True"
"PolygonData","Cp","150","9","0","U","6.123233995736766E-17","1","0","V","-6.123233995736766E-17","3.749399456654644E-33","1","Size","4"
"PList","-0","-0","0","150","-0","0","150","168","0","-0","168","0"
"DataEnd"
"ID","Extrusion"
"LineColor","BurlyWood","LineThickness","1","LineType","0","FaceColor","BurlyWood","DivideAngle","0.2617993877991494","Disp2D","True","Disp3D","True","EdgeDisp","True","Reverse","False","EdgeReverse","False","Group","1","LayerSize","8"
"DispLayerBit","02","00","00","00","00","00","00","00"
"PropertyEnd"
"ExtrusionData"
"Vector","0","9","-5.51091059616309E-16"
"Loop","True"
"PolygonData","Cp","0","0","0","U","1","0","0","V","0","6.123233995736766E-17","1","Size","4"
"PList","-0","-0","0","150","-0","0","150","168","0","-0","168","0"
"DataEnd"
"ID","Extrusion"
"LineColor","BurlyWood","LineThickness","1","LineType","0","FaceColor","BurlyWood","DivideAngle","0.2617993877991494","Disp2D","True","Disp3D","True","EdgeDisp","True","Reverse","False","EdgeReverse","False","Group","1","LayerSize","8"
"DispLayerBit","10","00","00","00","00","00","00","00"
"PropertyEnd"
"ExtrusionData"
"Vector","0","0","-9"
"Loop","True"
"PolygonData","Cp","0","0","0","U","1","0","0","V","0","1","0","Size","4"
"PList","-0","-0","0","150","-0","0","150","168","0","-0","168","0"
"DataEnd"
"ID","Line"
"LineColor","Black","LineThickness","1","LineType","2","FaceColor","Coral","DivideAngle","0.2617993877991494","Disp2D","True","Disp3D","False","EdgeDisp","True","Reverse","False","EdgeReverse","False","Group","1","LayerSize","8"
"DispLayerBit","20","00","00","00","00","00","00","00"
"PropertyEnd"
"LineData","Sp","30","108","177","V","90","0","0"
"DataEnd"
"ID","Line"
"LineColor","Black","LineThickness","1","LineType","2","FaceColor","Coral","DivideAngle","0.2617993877991494","Disp2D","True","Disp3D","False","EdgeDisp","True","Reverse","False","EdgeReverse","False","Group","1","LayerSize","8"
"DispLayerBit","20","00","00","00","00","00","00","00"
"PropertyEnd"
"LineData","Sp","75","150","177","V","0","-80","0"
"DataEnd"
"ID","Line"
"LineColor","Black","LineThickness","1","LineType","2","FaceColor","Coral","DivideAngle","0.2617993877991494","Disp2D","True","Disp3D","False","EdgeDisp","True","Reverse","False","EdgeReverse","False","Group","0","LayerSize","8"
"DispLayerBit","00","00","00","00","00","00","00","00"
"PropertyEnd"
"LineData","Sp","20","30","177","V","40","0","0"
"DataEnd"
"ID","Line"
"LineColor","Black","LineThickness","1","LineType","2","FaceColor","Coral","DivideAngle","0.2617993877991494","Disp2D","True","Disp3D","False","EdgeDisp","True","Reverse","False","EdgeReverse","False","Group","0","LayerSize","8"
"DispLayerBit","00","00","00","00","00","00","00","00"
"PropertyEnd"
"LineData","Sp","40","40","177","V","0","-20","0"
"DataEnd"
"ID","Extrusion"
"LineColor","BurlyWood","LineThickness","1","LineType","0","FaceColor","BurlyWood","DivideAngle","0.2617993877991494","Disp2D","True","Disp3D","True","EdgeDisp","True","Reverse","False","EdgeReverse","False","Group","1","LayerSize","8"
"DispLayerBit","20","00","00","00","00","00","00","00"
"PropertyEnd"
"ExtrusionData"
"Vector","0","0","-9"
"Loop","True"
"PolygonData","Cp","0","0","177","U","1","0","0","V","0","1","0","Size","4"
"PList","-0","-0","0","150","-0","0","150","168","0","-0","168","0"
"PolygonData","Cp","40","30","177","U","1","0","0","V","0","1","0","Size","4"
"PList","17","0","0","1.0409497792752501E-15","17","1","-17","2.0818995585505003E-15","0","-3.1228493378257506E-15","-17","1"
"PolygonData","Cp","75","108","177","U","1","0","0","V","0","1","0","Size","4"
"PList","46.5","0","0","2.847303808017596E-15","46.5","1","-46.5","5.694607616035192E-15","0","-8.541911424052788E-15","-46.5","1"
"DataEnd"
"ID","Line"
"LineColor","Black","LineThickness","1","LineType","2","FaceColor","Coral","DivideAngle","0.2617993877991494","Disp2D","True","Disp3D","False","EdgeDisp","True","Reverse","False","EdgeReverse","False","Group","0","LayerSize","8"
"DispLayerBit","00","00","00","00","00","00","00","00"
"PropertyEnd"
"LineData","Sp","40.00000000000001","30","190","V","0","0","-40"
"DataEnd"
"ID","Revolution"
"LineColor","Brown","LineThickness","1","LineType","0","FaceColor","Brown","DivideAngle","0.2617993877991494","Disp2D","True","Disp3D","True","EdgeDisp","True","Reverse","False","EdgeReverse","False","Group","1","LayerSize","8"
"DispLayerBit","00","00","00","00","00","00","00","00"
"PropertyEnd"
"CenterLineData","Sp","40","30.000000000000004","182","V","0","0","-85"
"OutlineData","Cp","40","45","177","U","0","0","-1","V","0","1","0","Sa","0","Ea","6.283185307179586","Loop","False","Size","5"
"PList","70","-0","0","-0","0","0","-0","2","0","70","2","0","70","-0","0"
"DataEnd"
"EntityEnd"
