﻿"AppName","Cad3DApp","ver","0","rew","1"
"DataManage"
"EntityBrush","CadetBlue"
"ZumenComment","NFJ製MODEL-SPLS 小型スピーカーボックス\\nツィータ用に使用を検討"
"Memo","1+2 = 3"
"Layer"
"LayerSize","64"
"DispLayerBit","7D","00","00","00","00","00","00","00"
"LayerAll","False"
"LayerList","0","前板","2","左側板","3","背板","4","天板","5","底板","6","右側板"
"LayerEnd"
"Group"
"GroupList"
"GroupEnd"
"DataManageEnd"
"DataDraw"
"GridSize","10"
"Area","0","0","-140","104","122","0"
"DataDrawEnd"
"Entity"
"ID","Extrusion"
"LineColor","Brown","LineThickness","1","LineType","0","FaceColor","Brown","DivideAngle","0.2617993877991494","Disp2D","True","Disp3D","True","EdgeDisp","True","Reverse","False","EdgeReverse","False","Group","0","LayerSize","8"
"DispLayerBit","04","00","00","00","00","00","00","00"
"PropertyEnd"
"ExtrusionData"
"Vector","-9","5.51091059616309E-16","0"
"Loop","True"
"PolygonData","Cp","9","9","0","U","6.123233995736766E-17","1","0","V","0","0","-1","Size","4"
"PList","0","9","0","104","9","0","104","131","0","0","131","0"
"DataEnd"
"ID","Extrusion"
"LineColor","Brown","LineThickness","1","LineType","0","FaceColor","Brown","DivideAngle","0.2617993877991494","Disp2D","True","Disp3D","True","EdgeDisp","True","Reverse","False","EdgeReverse","False","Group","0","LayerSize","8"
"DispLayerBit","08","00","00","00","00","00","00","00"
"PropertyEnd"
"ExtrusionData"
"Vector","0","0","-9"
"Loop","True"
"PolygonData","Cp","0","0","-131","U","1","0","0","V","0","1","0","Size","4"
"PList","-0","-0","0","104","-0","0","104","122","0","-0","122","0"
"DataEnd"
"ID","Extrusion"
"LineColor","Brown","LineThickness","1","LineType","0","FaceColor","Brown","DivideAngle","0.2617993877991494","Disp2D","True","Disp3D","True","EdgeDisp","True","Reverse","False","EdgeReverse","False","Group","0","LayerSize","8"
"DispLayerBit","10","00","00","00","00","00","00","00"
"PropertyEnd"
"ExtrusionData"
"Vector","0","9","0"
"Loop","True"
"PolygonData","Cp","0","113","0","U","1","0","0","V","0","0","-1","Size","4"
"PList","0","9","0","104","9","0","104","131","0","0","131","0"
"DataEnd"
"ID","Extrusion"
"LineColor","Brown","LineThickness","1","LineType","0","FaceColor","Brown","DivideAngle","0.2617993877991494","Disp2D","True","Disp3D","True","EdgeDisp","True","Reverse","False","EdgeReverse","False","Group","0","LayerSize","8"
"DispLayerBit","20","00","00","00","00","00","00","00"
"PropertyEnd"
"ExtrusionData"
"Vector","0","9","0"
"Loop","True"
"PolygonData","Cp","0","0","0","U","1","0","0","V","0","0","-1","Size","4"
"PList","0","9","0","104","9","0","104","131","0","0","131","0"
"DataEnd"
"ID","Extrusion"
"LineColor","Brown","LineThickness","1","LineType","0","FaceColor","Brown","DivideAngle","0.2617993877991494","Disp2D","True","Disp3D","True","EdgeDisp","True","Reverse","False","EdgeReverse","False","Group","0","LayerSize","8"
"DispLayerBit","40","00","00","00","00","00","00","00"
"PropertyEnd"
"ExtrusionData"
"Vector","-9","5.51091059616309E-16","0"
"Loop","True"
"PolygonData","Cp","104","9","0","U","6.123233995736766E-17","1","0","V","0","0","-1","Size","4"
"PList","0","9","0","104","9","0","104","131","0","0","131","0"
"DataEnd"
"ID","Extrusion"
"LineColor","Brown","LineThickness","1","LineType","0","FaceColor","Brown","DivideAngle","0.2617993877991494","Disp2D","True","Disp3D","True","EdgeDisp","True","Reverse","False","EdgeReverse","False","Group","0","LayerSize","8"
"DispLayerBit","01","00","00","00","00","00","00","00"
"PropertyEnd"
"ExtrusionData"
"Vector","0","0","-9"
"Loop","True"
"PolygonData","Cp","52","61","0","U","1","0","0","V","0","1","0","Size","4"
"PList","22.200000000000003","0","0","1.3593579470535622E-15","22.200000000000003","1","-22.200000000000003","2.7187158941071243E-15","0","-4.078073841160686E-15","-22.200000000000003","1"
"PolygonData","Cp","0","0","0","U","1","0","0","V","0","1","0","Size","4"
"PList","-0","-0","0","104","-0","0","104","122","0","-0","122","0"
"DataEnd"
"ID","Line"
"LineColor","Aqua","LineThickness","1","LineType","2","FaceColor","Brown","DivideAngle","0.2617993877991494","Disp2D","True","Disp3D","False","EdgeDisp","True","Reverse","False","EdgeReverse","False","Group","1","LayerSize","8"
"DispLayerBit","00","00","00","00","00","00","00","00"
"PropertyEnd"
"LineData","Sp","0","61","0","V","104","0","0"
"DataEnd"
"ID","Line"
"LineColor","Aqua","LineThickness","1","LineType","2","FaceColor","Brown","DivideAngle","0.2617993877991494","Disp2D","True","Disp3D","False","EdgeDisp","True","Reverse","False","EdgeReverse","False","Group","1","LayerSize","8"
"DispLayerBit","00","00","00","00","00","00","00","00"
"PropertyEnd"
"LineData","Sp","52","122","0","V","0","-122","0"
"DataEnd"
"EntityEnd"
