﻿"AppName","Cad3DApp","ver","0","rew","1"
"DataManage"
"EntityBrush","Brown"
"ZumenComment","スピーカボックス FOSTEX P800-E (バスレフ)\\n100mm x 200mm x 148mm 800g\\n内容積 1.86L チューニング周波数 101Hz"
"Memo","1+2 = 3"
"Layer"
"LayerSize","64"
"DispLayerBit","3F","00","00","00","00","00","00","00"
"LayerAll","False"
"LayerList","0","前板","1","右側板","2","左側板","3","天板","4","底板","5","背板"
"LayerEnd"
"Group"
"GroupList"
"GroupEnd"
"DataManageEnd"
"DataDraw"
"GridSize","1"
"Area","0","0","-138","100","200","0"
"DataDrawEnd"
"Entity"
"ID","Extrusion"
"LineColor","Black","LineThickness","1","LineType","0","FaceColor","Brown","DivideAngle","0.2617993877991494","Disp2D","True","Disp3D","True","EdgeDisp","True","Reverse","False","EdgeReverse","False","Group","0","LayerSize","8"
"DispLayerBit","02","00","00","00","00","00","00","00"
"PropertyEnd"
"ExtrusionData"
"Vector","10","0","0"
"Loop","True"
"PolygonData","Cp","90","0","0","U","0","0","-1","V","0","1","0","Size","4"
"PList","10","-0","0","138","-0","0","138","200","0","10","200","0"
"DataEnd"
"ID","Extrusion"
"LineColor","Black","LineThickness","1","LineType","0","FaceColor","Brown","DivideAngle","0.2617993877991494","Disp2D","True","Disp3D","True","EdgeDisp","True","Reverse","False","EdgeReverse","False","Group","0","LayerSize","8"
"DispLayerBit","08","00","00","00","00","00","00","00"
"PropertyEnd"
"ExtrusionData"
"Vector","0","10","0"
"Loop","True"
"PolygonData","Cp","0","190","0","U","1","0","0","V","0","0","-1","Size","4"
"PList","10","10","0","90","10","0","90","138","0","10","138","0"
"DataEnd"
"ID","Extrusion"
"LineColor","Black","LineThickness","1","LineType","0","FaceColor","Brown","DivideAngle","0.2617993877991494","Disp2D","True","Disp3D","True","EdgeDisp","True","Reverse","False","EdgeReverse","False","Group","0","LayerSize","8"
"DispLayerBit","10","00","00","00","00","00","00","00"
"PropertyEnd"
"ExtrusionData"
"Vector","0","10","0"
"Loop","True"
"PolygonData","Cp","0","0","0","U","1","0","0","V","0","0","-1","Size","4"
"PList","10","10","0","90","10","0","90","138","0","10","138","0"
"DataEnd"
"ID","Extrusion"
"LineColor","Brown","LineThickness","1","LineType","0","FaceColor","Brown","DivideAngle","0.2617993877991494","Disp2D","True","Disp3D","True","EdgeDisp","True","Reverse","False","EdgeReverse","False","Group","0","LayerSize","8"
"DispLayerBit","04","00","00","00","00","00","00","00"
"PropertyEnd"
"ExtrusionData"
"Vector","10","0","0"
"Loop","True"
"PolygonData","Cp","0","0","0","U","0","0","-1","V","0","1","0","Size","4"
"PList","10","-0","0","138","-0","0","138","200","0","10","200","0"
"DataEnd"
"ID","Extrusion"
"LineColor","Brown","LineThickness","1","LineType","0","FaceColor","Brown","DivideAngle","0.2617993877991494","Disp2D","True","Disp3D","True","EdgeDisp","True","Reverse","False","EdgeReverse","False","Group","0","LayerSize","8"
"DispLayerBit","20","00","00","00","00","00","00","00"
"PropertyEnd"
"ExtrusionData"
"Vector","0","0","-10"
"Loop","True"
"PolygonData","Cp","0","0","-128","U","1","0","0","V","0","1","0","Size","4"
"PList","10","10","0","90","10","0","90","190","0","10","190","0"
"DataEnd"
"ID","Extrusion"
"LineColor","Brown","LineThickness","1","LineType","0","FaceColor","Brown","DivideAngle","0.2617993877991494","Disp2D","True","Disp3D","True","EdgeDisp","True","Reverse","False","EdgeReverse","False","Group","0","LayerSize","8"
"DispLayerBit","01","00","00","00","00","00","00","00"
"PropertyEnd"
"ExtrusionData"
"Vector","0","0","-10"
"Loop","True"
"PolygonData","Cp","0","0","0","U","1","0","0","V","0","1","0","Size","4"
"PList","0","0","0","100","0","0","100","200","0","0","200","0"
"PolygonData","Cp","50","140","0","U","1","0","0","V","0","1","0","Size","4"
"PList","36.5","0","0","2.2349804084439196E-15","36.5","1","-36.5","4.469960816887839E-15","0","-6.704941225331758E-15","-36.5","1"
"PolygonData","Cp","50","45","0","U","1","0","0","V","0","1","0","Size","4"
"PList","12","0","0","7.347880794884119E-16","12","1","-12","1.4695761589768238E-15","0","-2.204364238465236E-15","-12","1"
"DataEnd"
"EntityEnd"
