﻿"AppName","Cad3DApp","ver","0","rew","1"
"DataManage"
"EntityBrush","IndianRed"
"ZumenComment","6Pスライドスイッチ\\nPCBパネルラッチング DPDT 2ポジション 6端子 6mm 10枚入り"
"Memo",""
"Layer"
"LayerSize","64"
"DispLayerBit","BF","01","00","00","00","00","00","00"
"LayerAll","False"
"LayerList","0","中心線","1","ツマミ","2","カバー","3","端子","4","上板","5","右側板","6","左側板","7","底板","8","接点"
"LayerEnd"
"Group"
"GroupList"
"GroupEnd"
"DataManageEnd"
"DataDraw"
"GridSize","1"
"Area","-13","-13","-8","13","6.9","1"
"DataDrawEnd"
"Entity"
"ID","Line"
"LineColor","Black","LineThickness","1","LineType","2","FaceColor","Black","DivideAngle","0.20943951023931953","Disp2D","True","Disp3D","True","EdgeDisp","True","Reverse","False","EdgeReverse","False","Group","0","LayerSize","8"
"DispLayerBit","00","00","00","00","00","00","00","00"
"PropertyEnd"
"LineData","Sp","4","-6","-2.3000000000000003","V","0","-7","0"
"DataEnd"
"ID","Line"
"LineColor","Black","LineThickness","1","LineType","2","FaceColor","Black","DivideAngle","0.20943951023931953","Disp2D","True","Disp3D","True","EdgeDisp","True","Reverse","False","EdgeReverse","False","Group","0","LayerSize","8"
"DispLayerBit","00","00","00","00","00","00","00","00"
"PropertyEnd"
"LineData","Sp","-4","-6","-4.9","V","0","-7","0"
"DataEnd"
"ID","Line"
"LineColor","Black","LineThickness","1","LineType","2","FaceColor","Black","DivideAngle","0.20943951023931953","Disp2D","True","Disp3D","True","EdgeDisp","True","Reverse","False","EdgeReverse","False","Group","0","LayerSize","8"
"DispLayerBit","00","00","00","00","00","00","00","00"
"PropertyEnd"
"LineData","Sp","0","-6","-4.9","V","0","-7","0"
"DataEnd"
"ID","Line"
"LineColor","DarkSlateGray","LineThickness","1","LineType","2","FaceColor","DarkSlateGray","DivideAngle","0.20943951023931953","Disp2D","True","Disp3D","True","EdgeDisp","True","Reverse","False","EdgeReverse","False","Group","0","LayerSize","8"
"DispLayerBit","00","00","00","00","00","00","00","00"
"PropertyEnd"
"LineData","Sp","-9.6","0","-8","V","0","0","9"
"DataEnd"
"ID","Line"
"LineColor","DarkSlateGray","LineThickness","1","LineType","2","FaceColor","DarkSlateGray","DivideAngle","0.20943951023931953","Disp2D","True","Disp3D","True","EdgeDisp","True","Reverse","False","EdgeReverse","False","Group","0","LayerSize","8"
"DispLayerBit","00","00","00","00","00","00","00","00"
"PropertyEnd"
"LineData","Sp","9.599999999999998","0","-8","V","0","0","9"
"DataEnd"
"ID","Line"
"LineColor","DarkSlateGray","LineThickness","1","LineType","2","FaceColor","DarkSlateGray","DivideAngle","0.20943951023931953","Disp2D","True","Disp3D","True","EdgeDisp","True","Reverse","False","EdgeReverse","False","Group","0","LayerSize","8"
"DispLayerBit","00","00","00","00","00","00","00","00"
"PropertyEnd"
"LineData","Sp","-13","0","-3.6","V","26","0","0"
"DataEnd"
"ID","Extrusion"
"LineColor","Black","LineThickness","1","LineType","0","FaceColor","Black","DivideAngle","0.20943951023931953","Disp2D","True","Disp3D","True","EdgeDisp","True","Reverse","False","EdgeReverse","False","Group","0","LayerSize","8"
"DispLayerBit","00","00","00","00","00","00","00","00"
"PropertyEnd"
"ExtrusionData"
"Vector","0","0","-3.6000000000000005"
"Loop","True"
"PolygonData","Cp","0","0","-1.8","U","1","0","0","V","0","1","0","Size","4"
"PList","-1.5000000000000009","0","0","-1.5000000000000009","6.9","0","3.8999999999999995","6.9","0","3.8999999999999995","0","0"
"DataEnd"
"ID","Extrusion"
"LineColor","DarkSlateGray","LineThickness","1","LineType","0","FaceColor","DarkSlateGray","DivideAngle","0.20943951023931953","Disp2D","True","Disp3D","True","EdgeDisp","True","Reverse","False","EdgeReverse","False","Group","0","LayerSize","8"
"DispLayerBit","00","00","00","00","00","00","00","00"
"PropertyEnd"
"ExtrusionData"
"Vector","0","0.4","0"
"Loop","True"
"PolygonData","Cp","-4","0","-1.8","U","1","0","0","V","0","0","-1","Size","40"
"PList","-0","1.8","0","0","3.6","0","8","3.6","0","8","1.8","0","12.700000000000001","1.8000000000000005","0","12.719667159339576","1.987120521735984","0","12.77780908812166","2.1660629787682204","0","12.871884705062548","2.329006727063226","0","12.99778245427703","2.468830342929655","0","13.15","2.5794228634059957","0","13.321884705062548","2.6559508646656385","0","13.505924383059114","2.695069705831447","0","13.69407561694089","2.695069705831447","0","13.878115294937455","2.6559508646656385","0","14.050000000000002","2.5794228634059957","0","14.202217545722974","2.468830342929655","0","14.328115294937454","2.329006727063226","0","14.422190911878342","2.1660629787682204","0","14.480332840660427","1.9871205217359835","0","14.500000000000002","1.8","0","15.6","1.8","0","15.6","5.4","0","-7.6","5.4","0","-7.6","1.8","0","-6.500000000000002","1.8000000000000005","0","-6.480332840660427","1.987120521735984","0","-6.422190911878342","2.1660629787682204","0","-6.328115294937454","2.329006727063226","0","-6.202217545722974","2.468830342929655","0","-6.0500000000000025","2.5794228634059957","0","-5.878115294937455","2.6559508646656385","0","-5.694075616940889","2.695069705831447","0","-5.505924383059114","2.695069705831447","0","-5.321884705062548","2.6559508646656385","0","-5.15","2.5794228634059957","0","-4.997782454277029","2.468830342929655","0","-4.8718847050625484","2.329006727063226","0","-4.777809088121661","2.1660629787682204","0","-4.719667159339576","1.9871205217359835","0","-4.700000000000001","1.8","0"
"DataEnd"
"ID","Extrusion"
"LineColor","DarkSlateGray","LineThickness","1","LineType","0","FaceColor","DarkSlateGray","DivideAngle","0.20943951023931953","Disp2D","True","Disp3D","True","EdgeDisp","True","Reverse","False","EdgeReverse","False","Group","0","LayerSize","8"
"DispLayerBit","00","00","00","00","00","00","00","00"
"PropertyEnd"
"ExtrusionData"
"Vector","0","0.4","0"
"Loop","True"
"PolygonData","Cp","-4","0","-1.8","U","1","0","0","V","0","0","-1","Size","40"
"PList","-4.700000000000001","1.8","0","-4.719667159339576","1.6128794782640183","0","-4.777809088121659","1.4339370212317812","0","-4.8718847050625484","1.270993272936775","0","-4.9977824542770275","1.1311696570703458","0","-5.15","1.0205771365940055","0","-5.321884705062548","0.9440491353343619","0","-5.505924383059114","0.9049302941685535","0","-5.694075616940889","0.9049302941685535","0","-5.878115294937455","0.9440491353343614","0","-6.0500000000000025","1.020577136594005","0","-6.202217545722974","1.1311696570703453","0","-6.328115294937454","1.270993272936774","0","-6.422190911878342","1.43393702123178","0","-6.480332840660427","1.6128794782640166","0","-6.500000000000002","1.7999999999999996","0","-7.6","1.8","0","-7.6","-1.8","0","15.6","-1.8","0","15.6","1.8","0","14.500000000000002","1.8","0","14.480332840660427","1.6128794782640183","0","14.422190911878344","1.4339370212317812","0","14.328115294937454","1.270993272936775","0","14.202217545722975","1.1311696570703458","0","14.050000000000002","1.0205771365940055","0","13.878115294937455","0.9440491353343619","0","13.69407561694089","0.9049302941685535","0","13.505924383059114","0.9049302941685535","0","13.321884705062548","0.9440491353343614","0","13.15","1.020577136594005","0","12.997782454277027","1.1311696570703453","0","12.871884705062548","1.2709932729367746","0","12.77780908812166","1.43393702123178","0","12.719667159339576","1.612879478264017","0","12.700000000000001","1.8","0","8","1.8","0","8","0","0","0","0","0","-0","1.8","0"
"DataEnd"
"ID","Extrusion"
"LineColor","Chocolate","LineThickness","1","LineType","0","FaceColor","Chocolate","DivideAngle","0.20943951023931953","Disp2D","True","Disp3D","True","EdgeDisp","True","Reverse","False","EdgeReverse","False","Group","0","LayerSize","8"
"DispLayerBit","00","00","00","00","00","00","00","00"
"PropertyEnd"
"ExtrusionData"
"Vector","0","0","-7.2"
"Loop","True"
"PolygonData","Cp","-7.8","-7","0","U","1","0","0","V","0","1","0","Size","4"
"PList","15.6","1","0","15.6","0","0","0","0","0","-0","1","0"
"DataEnd"
"ID","Extrusion"
"LineColor","Goldenrod","LineThickness","1","LineType","0","FaceColor","Gold","DivideAngle","0.20943951023931953","Disp2D","True","Disp3D","True","EdgeDisp","True","Reverse","False","EdgeReverse","False","Group","0","LayerSize","8"
"DispLayerBit","00","00","00","00","00","00","00","00"
"PropertyEnd"
"ExtrusionData"
"Vector","0","0","-0.19999999999999996"
"Loop","True"
"PolygonData","Cp","-4.8","-5","-2.2","U","0","-1","0","V","1","0","0","Size","4"
"PList","-1.7763568394002505E-15","1.6","0","6.1999999999999975","1.6","0","6.199999999999999","-0","0","-0","0","0"
"DataEnd"
"ID","Extrusion"
"LineColor","Goldenrod","LineThickness","1","LineType","0","FaceColor","Gold","DivideAngle","0.20943951023931953","Disp2D","True","Disp3D","True","EdgeDisp","True","Reverse","False","EdgeReverse","False","Group","0","LayerSize","8"
"DispLayerBit","00","00","00","00","00","00","00","00"
"PropertyEnd"
"ExtrusionData"
"Vector","0","0","-0.19999999999999996"
"Loop","True"
"PolygonData","Cp","-4.8","-4.999999999999998","-4.800000000000001","U","0","-1","0","V","1","0","0","Size","4"
"PList","-1.7763568394002505E-15","1.6","0","6.1999999999999975","1.6","0","6.199999999999999","-0","0","-0","0","0"
"DataEnd"
"ID","Extrusion"
"LineColor","Goldenrod","LineThickness","1","LineType","0","FaceColor","Gold","DivideAngle","0.20943951023931953","Disp2D","True","Disp3D","True","EdgeDisp","True","Reverse","False","EdgeReverse","False","Group","0","LayerSize","8"
"DispLayerBit","00","00","00","00","00","00","00","00"
"PropertyEnd"
"ExtrusionData"
"Vector","0","0","-0.19999999999999996"
"Loop","True"
"PolygonData","Cp","-0.7999999999999998","-5","-2.2","U","0","-1","0","V","1","0","0","Size","4"
"PList","-1.7763568394002505E-15","1.6","0","6.1999999999999975","1.6","0","6.199999999999999","-0","0","-0","0","0"
"DataEnd"
"ID","Extrusion"
"LineColor","Goldenrod","LineThickness","1","LineType","0","FaceColor","Gold","DivideAngle","0.20943951023931953","Disp2D","True","Disp3D","True","EdgeDisp","True","Reverse","False","EdgeReverse","False","Group","0","LayerSize","8"
"DispLayerBit","00","00","00","00","00","00","00","00"
"PropertyEnd"
"ExtrusionData"
"Vector","0","0","-0.19999999999999996"
"Loop","True"
"PolygonData","Cp","-0.7999999999999998","-4.999999999999998","-4.800000000000001","U","0","-1","0","V","1","0","0","Size","4"
"PList","-1.7763568394002505E-15","1.6","0","6.1999999999999975","1.6","0","6.199999999999999","-0","0","-0","0","0"
"DataEnd"
"ID","Extrusion"
"LineColor","Goldenrod","LineThickness","1","LineType","0","FaceColor","Gold","DivideAngle","0.20943951023931953","Disp2D","True","Disp3D","True","EdgeDisp","True","Reverse","False","EdgeReverse","False","Group","0","LayerSize","8"
"DispLayerBit","00","00","00","00","00","00","00","00"
"PropertyEnd"
"ExtrusionData"
"Vector","0","0","-0.19999999999999996"
"Loop","True"
"PolygonData","Cp","3.2","-5","-2.2","U","0","-1","0","V","1","0","0","Size","4"
"PList","-1.7763568394002505E-15","1.6","0","6.1999999999999975","1.6","0","6.199999999999999","-0","0","-0","0","0"
"DataEnd"
"ID","Extrusion"
"LineColor","Goldenrod","LineThickness","1","LineType","0","FaceColor","Gold","DivideAngle","0.20943951023931953","Disp2D","True","Disp3D","True","EdgeDisp","True","Reverse","False","EdgeReverse","False","Group","0","LayerSize","8"
"DispLayerBit","00","00","00","00","00","00","00","00"
"PropertyEnd"
"ExtrusionData"
"Vector","0","0","-0.19999999999999996"
"Loop","True"
"PolygonData","Cp","3.2","-4.999999999999998","-4.800000000000001","U","0","-1","0","V","1","0","0","Size","4"
"PList","-1.7763568394002505E-15","1.6","0","6.1999999999999975","1.6","0","6.199999999999999","-0","0","-0","0","0"
"DataEnd"
"ID","Extrusion"
"LineColor","DarkSlateGray","LineThickness","1","LineType","0","FaceColor","DarkSlateGray","DivideAngle","0.20943951023931953","Disp2D","True","Disp3D","True","EdgeDisp","True","Reverse","False","EdgeReverse","False","Group","0","LayerSize","8"
"DispLayerBit","00","00","00","00","00","00","00","00"
"PropertyEnd"
"ExtrusionData"
"Vector","0","0","-0.3999999999999999"
"Loop","True"
"PolygonData","Cp","0","0","-6.800000000000001","U","1","0","0","V","0","1","0","Size","4"
"PList","-7.8","-6","0","-7.8","0","0","7.8","0","0","7.8","-6","0"
"DataEnd"
"ID","Extrusion"
"LineColor","DarkSlateGray","LineThickness","1","LineType","0","FaceColor","DarkSlateGray","DivideAngle","0.20943951023931953","Disp2D","True","Disp3D","True","EdgeDisp","True","Reverse","False","EdgeReverse","False","Group","0","LayerSize","8"
"DispLayerBit","00","00","00","00","00","00","00","00"
"PropertyEnd"
"ExtrusionData"
"Vector","0","0","-0.3999999999999999"
"Loop","True"
"PolygonData","Cp","0","0","0","U","1","0","0","V","0","1","0","Size","4"
"PList","-7.8","-6","0","-7.8","0","0","7.8","0","0","7.8","-6","0"
"DataEnd"
"ID","Extrusion"
"LineColor","Black","LineThickness","1","LineType","0","FaceColor","Black","DivideAngle","0.20943951023931953","Disp2D","True","Disp3D","True","EdgeDisp","True","Reverse","False","EdgeReverse","False","Group","0","LayerSize","8"
"DispLayerBit","00","00","00","00","00","00","00","00"
"PropertyEnd"
"ExtrusionData"
"Vector","10.4","0","0"
"Loop","True"
"PolygonData","Cp","-4","-6","-1.8116105793794701","U","0","0","1","V","0","1","0","Size","13"
"PList","0","0","0","1.4116105793794702","0","0","1.4116105793794702","6","0","-4.98838942062053","6","0","-4.98838942062053","0","0","-3.550000000000001","0","0","-3.550000000000001","1.5079996090307484","0","-2.550000000000001","1.5079996090307484","0","-2.550000000000001","0","0","-1","0","0","-1","1.5079996090307466","0","0","1.5079996090307466","0","0","0.00799960903074659","0"
"DataEnd"
"ID","Extrusion"
"LineColor","Goldenrod","LineThickness","1","LineType","0","FaceColor","Gold","DivideAngle","0.20943951023931953","Disp2D","True","Disp3D","True","EdgeDisp","True","Reverse","False","EdgeReverse","False","Group","0","LayerSize","8"
"DispLayerBit","00","00","00","00","00","00","00","00"
"PropertyEnd"
"ExtrusionData"
"Vector","0","0","-1"
"Loop","True"
"PolygonData","Cp","4","1.7763568394002505E-15","-4.361610579379471","U","1","0","0","V","0","1","0","Size","4"
"PList","2.220446049250313E-16","-4.492000390969253","0","2.220446049250313E-16","-4.999999999999999","0","-4","-4.999999999999999","0","-4","-4.492000390969253","0"
"DataEnd"
"ID","Extrusion"
"LineColor","Goldenrod","LineThickness","1","LineType","0","FaceColor","Gold","DivideAngle","0.20943951023931953","Disp2D","True","Disp3D","True","EdgeDisp","True","Reverse","False","EdgeReverse","False","Group","0","LayerSize","8"
"DispLayerBit","00","00","00","00","00","00","00","00"
"PropertyEnd"
"ExtrusionData"
"Vector","0","0","-1"
"Loop","True"
"PolygonData","Cp","4","0","-1.8116105793794701","U","1","0","0","V","0","1","0","Size","4"
"PList","2.220446049250313E-16","-4.492000390969253","0","2.220446049250313E-16","-4.999999999999999","0","-4","-4.999999999999999","0","-4","-4.492000390969253","0"
"DataEnd"
"EntityEnd"
