﻿"AppName","Cad3DApp","ver","0","rew","1"
"DataManage"
"EntityBrush","IndianRed"
"ZumenComment","リニア電圧レギュレータ\\n1.5A、40V、調整可能なリニア電圧レギュレータ\\nhttps://www.ti.com/product/ja-jp/LM317"
"Memo",""
"Layer"
"LayerSize","64"
"DispLayerBit","01","00","00","00","00","00","00","00"
"LayerAll","False"
"LayerList","0","LM317","1","中心線"
"LayerEnd"
"Group"
"GroupList"
"GroupEnd"
"DataManageEnd"
"DataDraw"
"GridSize","1"
"Area","-1","-15","0","11","17","4.4"
"DataDrawEnd"
"Entity"
"ID","Extrusion"
"LineColor","Silver","LineThickness","1","LineType","0","FaceColor","Silver","DivideAngle","0.20943951023931953","Disp2D","True","Disp3D","True","EdgeDisp","True","Reverse","False","EdgeReverse","False","Group","0","LayerSize","8"
"DispLayerBit","00","00","00","00","00","00","00","00"
"PropertyEnd"
"ExtrusionData"
"Vector","0","0","-0.5"
"Loop","True"
"PolygonData","Cp","6.999999999999999","-3.5","0.9","U","0","-1","0","V","1","0","0","Size","8"
"PList","-0","0","0","9.5","0","0","9.5","0.7999999999999989","0","0","0.7999999999999989","0","0","0.9999999999999982","0","-3.5","0.9999999999999982","0","-3.5","-0.20000000000000107","0","0","-0.20000000000000107","0"
"DataEnd"
"ID","Extrusion"
"LineColor","Silver","LineThickness","1","LineType","0","FaceColor","Silver","DivideAngle","0.20943951023931953","Disp2D","True","Disp3D","True","EdgeDisp","True","Reverse","False","EdgeReverse","False","Group","0","LayerSize","8"
"DispLayerBit","00","00","00","00","00","00","00","00"
"PropertyEnd"
"ExtrusionData"
"Vector","0","0","-0.5"
"Loop","True"
"PolygonData","Cp","4.6","-3.5","0.9","U","0","-1","0","V","1","0","0","Size","8"
"PList","-0","0","0","9.5","0","0","9.5","0.7999999999999989","0","0","0.7999999999999989","0","0","0.9999999999999982","0","-3.5","0.9999999999999982","0","-3.5","-0.20000000000000107","0","0","-0.20000000000000107","0"
"DataEnd"
"ID","Extrusion"
"LineColor","Silver","LineThickness","1","LineType","0","FaceColor","Silver","DivideAngle","0.20943951023931953","Disp2D","True","Disp3D","True","EdgeDisp","True","Reverse","False","EdgeReverse","False","Group","0","LayerSize","8"
"DispLayerBit","00","00","00","00","00","00","00","00"
"PropertyEnd"
"ExtrusionData"
"Vector","0","0","-0.5"
"Loop","True"
"PolygonData","Cp","2.200000000000001","-3.5","0.9","U","0","-1","0","V","1","0","0","Size","8"
"PList","-0","0","0","9.5","0","0","9.5","0.7999999999999989","0","0","0.7999999999999989","0","0","0.9999999999999982","0","-3.5","0.9999999999999982","0","-3.5","-0.20000000000000107","0","0","-0.20000000000000107","0"
"DataEnd"
"ID","Extrusion"
"LineColor","Black","LineThickness","1","LineType","0","FaceColor","Black","DivideAngle","0.20943951023931953","Disp2D","True","Disp3D","True","EdgeDisp","True","Reverse","False","EdgeReverse","False","Group","0","LayerSize","8"
"DispLayerBit","00","00","00","00","00","00","00","00"
"PropertyEnd"
"ExtrusionData"
"Vector","0","0","4.4"
"Loop","True"
"PolygonData","Cp","0","0","0","U","1","0","0","V","0","1","0","Size","4"
"PList","0","0","0","0","9","0","10","9","0","10","0","0"
"DataEnd"
"ID","Extrusion"
"LineColor","Silver","LineThickness","1","LineType","0","FaceColor","Silver","DivideAngle","0.20943951023931953","Disp2D","True","Disp3D","True","EdgeDisp","True","Reverse","False","EdgeReverse","False","Group","0","LayerSize","8"
"DispLayerBit","00","00","00","00","00","00","00","00"
"PropertyEnd"
"ExtrusionData"
"Vector","0","0","1.2999999999999998"
"Loop","True"
"PolygonData","Cp","0","12.2","0","U","0","-1","0","V","1","0","0","Size","7"
"PList","-1.7763568394002505E-15","3.0999999999999996","0","1.8999999999999986","5","1","-1.7763568394002505E-15","6.9","0","-0","10","0","12.2","10","0","12.2","-0","0","-0","0","0"
"DataEnd"
"ID","Extrusion"
"LineColor","Silver","LineThickness","1","LineType","0","FaceColor","Silver","DivideAngle","0.20943951023931953","Disp2D","True","Disp3D","True","EdgeDisp","True","Reverse","False","EdgeReverse","False","Group","0","LayerSize","8"
"DispLayerBit","00","00","00","00","00","00","00","00"
"PropertyEnd"
"ExtrusionData"
"Vector","0","0","1.2999999999999998"
"Loop","True"
"PolygonData","Cp","0","12.2","0","U","0","1","0","V","1","0","0","Size","8"
"PList","-0","0","0","2.8000000000000007","0","0","2.8000000000000007","10","0","0","10","0","0","6.841807614045779","0","1.7763568394002505E-15","6.900000000000002","0","1.9000000000000021","5.000000000000001","1","1.7763568394002505E-15","3.0999999999999996","0"
"DataEnd"
"ID","Line"
"LineColor","Black","LineThickness","1","LineType","2","FaceColor","Black","DivideAngle","0.20943951023931953","Disp2D","True","Disp3D","False","EdgeDisp","True","Reverse","False","EdgeReverse","False","Group","1","LayerSize","8"
"DispLayerBit","00","00","00","00","00","00","00","00"
"PropertyEnd"
"LineData","Sp","5","17","0","V","0","-32","0"
"DataEnd"
"ID","Line"
"LineColor","Black","LineThickness","1","LineType","2","FaceColor","Black","DivideAngle","0.20943951023931953","Disp2D","True","Disp3D","False","EdgeDisp","True","Reverse","False","EdgeReverse","False","Group","1","LayerSize","8"
"DispLayerBit","00","00","00","00","00","00","00","00"
"PropertyEnd"
"LineData","Sp","2.6000000000000005","2","0","V","0","-15","0"
"DataEnd"
"ID","Line"
"LineColor","Black","LineThickness","1","LineType","2","FaceColor","Black","DivideAngle","0.20943951023931953","Disp2D","True","Disp3D","False","EdgeDisp","True","Reverse","False","EdgeReverse","False","Group","1","LayerSize","8"
"DispLayerBit","00","00","00","00","00","00","00","00"
"PropertyEnd"
"LineData","Sp","7.3999999999999995","2","0","V","0","-15","0"
"DataEnd"
"ID","Line"
"LineColor","Black","LineThickness","1","LineType","2","FaceColor","Black","DivideAngle","0.20943951023931953","Disp2D","True","Disp3D","False","EdgeDisp","True","Reverse","False","EdgeReverse","False","Group","1","LayerSize","8"
"DispLayerBit","00","00","00","00","00","00","00","00"
"PropertyEnd"
"LineData","Sp","1","12.2","0","V","7","0","0"
"DataEnd"
"ID","Line"
"LineColor","Black","LineThickness","1","LineType","2","FaceColor","Black","DivideAngle","0.20943951023931953","Disp2D","True","Disp3D","False","EdgeDisp","True","Reverse","False","EdgeReverse","False","Group","1","LayerSize","8"
"DispLayerBit","00","00","00","00","00","00","00","00"
"PropertyEnd"
"LineData","Sp","-1","0","0.65","V","12","0","0"
"DataEnd"
"EntityEnd"
