﻿"AppName","Cad3DApp","ver","0","rew","1"
"DataManage"
"EntityBrush","IndianRed"
"ZumenComment","Potensionmeter 3296W"
"Memo",""
"Layer"
"LayerSize","64"
"DispLayerBit","0E","00","00","00","00","00","00","00"
"LayerAll","False"
"LayerList","0","中心線","1","本体","2","端子","3","つまみ"
"LayerEnd"
"Group"
"GroupList"
"GroupEnd"
"DataManageEnd"
"DataDraw"
"GridSize","1"
"Area","-1","-6.5","-6.100285134998489","10","11.6","0.3"
"DataDrawEnd"
"Entity"
"ID","Extrusion"
"LineColor","Blue","LineThickness","1","LineType","0","FaceColor","Blue","DivideAngle","0.20943951023931953","Disp2D","True","Disp3D","True","EdgeDisp","True","Reverse","False","EdgeReverse","False","Group","0","LayerSize","8"
"DispLayerBit","00","00","00","00","00","00","00","00"
"PropertyEnd"
"ExtrusionData"
"Vector","0","0","-4"
"Loop","True"
"PolygonData","Cp","0.6","0.5","0","U","1","0","0","V","0","-1","0","Size","8"
"PList","-3.3306690738754696E-16","0.49999999999999994","0","-0.6","0.5","0","-0.6","-9.5","0","8.9","-9.5","0","8.9","0.5","0","8.3","0.5","0","8.299999999999999","0","0","0","-0","0"
"DataEnd"
"ID","Extrusion"
"LineColor","Blue","LineThickness","1","LineType","0","FaceColor","Blue","DivideAngle","0.20943951023931953","Disp2D","True","Disp3D","True","EdgeDisp","True","Reverse","False","EdgeReverse","False","Group","0","LayerSize","8"
"DispLayerBit","00","00","00","00","00","00","00","00"
"PropertyEnd"
"ExtrusionData"
"Vector","0","0","0.3"
"Loop","True"
"PolygonData","Cp","0","0","0","U","1","0","0","V","0","1","0","Size","4"
"PList","0","0","0","0","0.8","0","0.6","0.8","0","0.6","0","0"
"DataEnd"
"ID","Extrusion"
"LineColor","Blue","LineThickness","1","LineType","0","FaceColor","Blue","DivideAngle","0.20943951023931953","Disp2D","True","Disp3D","True","EdgeDisp","True","Reverse","False","EdgeReverse","False","Group","0","LayerSize","8"
"DispLayerBit","00","00","00","00","00","00","00","00"
"PropertyEnd"
"ExtrusionData"
"Vector","0","0","-0.3"
"Loop","True"
"PolygonData","Cp","0","10","0.3","U","1","0","0","V","0","-1","0","Size","4"
"PList","0","0","0","0","0.8","0","0.6","0.8","0","0.6","0","0"
"DataEnd"
"ID","Extrusion"
"LineColor","Blue","LineThickness","1","LineType","0","FaceColor","Blue","DivideAngle","0.20943951023931953","Disp2D","True","Disp3D","True","EdgeDisp","True","Reverse","False","EdgeReverse","False","Group","0","LayerSize","8"
"DispLayerBit","00","00","00","00","00","00","00","00"
"PropertyEnd"
"ExtrusionData"
"Vector","0","0","0.3"
"Loop","True"
"PolygonData","Cp","9.5","10","0","U","-1","0","0","V","0","-1","0","Size","4"
"PList","0","0","0","0","0.8","0","0.6","0.8","0","0.6","0","0"
"DataEnd"
"ID","Extrusion"
"LineColor","Blue","LineThickness","1","LineType","0","FaceColor","Blue","DivideAngle","0.20943951023931953","Disp2D","True","Disp3D","True","EdgeDisp","True","Reverse","False","EdgeReverse","False","Group","0","LayerSize","8"
"DispLayerBit","00","00","00","00","00","00","00","00"
"PropertyEnd"
"ExtrusionData"
"Vector","0","0","-0.3"
"Loop","True"
"PolygonData","Cp","9.5","0","0.3","U","-1","0","0","V","0","1","0","Size","4"
"PList","0","0","0","0","0.8","0","0.6","0.8","0","0.6","0","0"
"DataEnd"
"ID","Line"
"LineColor","Goldenrod","LineThickness","1","LineType","0","FaceColor","Goldenrod","DivideAngle","0.20943951023931953","Disp2D","True","Disp3D","True","EdgeDisp","True","Reverse","False","EdgeReverse","False","Group","0","LayerSize","8"
"DispLayerBit","00","00","00","00","00","00","00","00"
"PropertyEnd"
"LineData","Sp","0.022748197125040726","0","-6.1","V","-0.017706935816417246","0","-0.000285134998489589"
"DataEnd"
"ID","Line"
"LineColor","Goldenrod","LineThickness","1","LineType","0","FaceColor","Goldenrod","DivideAngle","0.20943951023931953","Disp2D","True","Disp3D","True","EdgeDisp","True","Reverse","False","EdgeReverse","False","Group","0","LayerSize","8"
"DispLayerBit","00","00","00","00","00","00","00","00"
"PropertyEnd"
"LineData","Sp","1.9949587386913765","0","-6.100285134998488","V","-0.013968822278817683","0","0.00028513499848870083"
"DataEnd"
"ID","Line"
"LineColor","Goldenrod","LineThickness","1","LineType","0","FaceColor","Goldenrod","DivideAngle","0.20943951023931953","Disp2D","True","Disp3D","True","EdgeDisp","True","Reverse","False","EdgeReverse","False","Group","0","LayerSize","8"
"DispLayerBit","00","00","00","00","00","00","00","00"
"PropertyEnd"
"LineData","Sp","1.977084943886229","0","-5.9","V","0.017952246323760246","0","-0.000496280979001007"
"DataEnd"
"ID","Extrusion"
"LineColor","Silver","LineThickness","1","LineType","0","FaceColor","Silver","DivideAngle","0.20943951023931953","Disp2D","True","Disp3D","True","EdgeDisp","True","Reverse","False","EdgeReverse","False","Group","0","LayerSize","8"
"DispLayerBit","00","00","00","00","00","00","00","00"
"PropertyEnd"
"ExtrusionData"
"Vector","0","0","-0.3999999999999999"
"Loop","True"
"PolygonData","Cp","1.9499999999999993","0.49999999999999994","-1.6","U","1","0","0","V","0","1","0","Size","4"
"PList","0.4","0","0","0.4","-7","0","0","-7","0","0","0","0"
"DataEnd"
"ID","Extrusion"
"LineColor","Silver","LineThickness","1","LineType","0","FaceColor","Silver","DivideAngle","0.20943951023931953","Disp2D","True","Disp3D","True","EdgeDisp","True","Reverse","False","EdgeReverse","False","Group","0","LayerSize","8"
"DispLayerBit","00","00","00","00","00","00","00","00"
"PropertyEnd"
"ExtrusionData"
"Vector","0","0","-0.3999999999999999"
"Loop","True"
"PolygonData","Cp","4.55","0.49999999999999994","-1.6","U","1","0","0","V","0","1","0","Size","4"
"PList","0.4","0","0","0.4","-7","0","0","-7","0","0","0","0"
"DataEnd"
"ID","Extrusion"
"LineColor","Silver","LineThickness","1","LineType","0","FaceColor","Silver","DivideAngle","0.20943951023931953","Disp2D","True","Disp3D","True","EdgeDisp","True","Reverse","False","EdgeReverse","False","Group","0","LayerSize","8"
"DispLayerBit","00","00","00","00","00","00","00","00"
"PropertyEnd"
"ExtrusionData"
"Vector","0","0","-0.3999999999999999"
"Loop","True"
"PolygonData","Cp","7.1499999999999995","0.49999999999999994","-1.6","U","1","0","0","V","0","1","0","Size","4"
"PList","0.4","0","0","0.4","-7","0","0","-7","0","0","0","0"
"DataEnd"
"ID","Extrusion"
"LineColor","Goldenrod","LineThickness","1","LineType","0","FaceColor","Goldenrod","DivideAngle","0.20943951023931953","Disp2D","True","Disp3D","True","EdgeDisp","True","Reverse","False","EdgeReverse","False","Group","0","LayerSize","8"
"DispLayerBit","00","00","00","00","00","00","00","00"
"PropertyEnd"
"ExtrusionData"
"Vector","0","1.1999999999999993","0"
"Loop","True"
"PolygonData","Cp","2","10","-3","U","-0.13052619222005235","0","-0.9914448613738103","V","-0.991444861373812","0","0.13052619222003936","Size","24"
"PList","-0.2521572401450398","0.06756532886252448","0","-0.4782352367886732","0.19809152108257655","0","-0.6628271480711886","0.38268343236509106","0","-0.7933533402912432","0.608761429008722","0","-0.8609186691537689","0.8609186691537598","0","-0.8609186691537727","1.121971053593863","0","-0.7933533402912516","1.3741282937389006","0","-0.662827148071204","1.6002062903825311","0","-0.4782352367886916","1.7847982016650452","0","-0.2521572401450619","1.9153243938850968","0","-2.5368596112684827E-14","1.9828897227476208","0","0.2610523844400787","1.9828897227476205","0","0.5132096245851168","1.9153243938850963","0","0.7392876212287502","1.7847982016650448","0","0.9238795325112674","1.60020629038253","0","1.054405724731322","1.3741282937388994","0","1.1219710535938476","1.1219710535938607","0","1.1219710535938514","0.8609186691537577","0","1.0544057247313303","0.6087614290087198","0","0.9238795325112826","0.38268343236508895","0","0.7392876212287702","0.19809152108257466","0","0.5132096245851405","0.06756532886252309","0","0.2610523844401023","-0","0","0","-0","0"
"DataEnd"
"ID","Extrusion"
"LineColor","Goldenrod","LineThickness","1","LineType","0","FaceColor","Goldenrod","DivideAngle","0.20943951023931953","Disp2D","True","Disp3D","True","EdgeDisp","True","Reverse","False","EdgeReverse","False","Group","0","LayerSize","8"
"DispLayerBit","00","00","00","00","00","00","00","00"
"PropertyEnd"
"ExtrusionData"
"Vector","0","0.4","0"
"Loop","True"
"PolygonData","Cp","1.9796802645496614","11.2","-3.183528561379485","U","-0.7748505176046461","0","-0.6321445051313915","V","-0.6321445051313918","0","0.774850517604646","Size","5"
"PList","0.00805669880539792","0.007302887441794331","0","1.508733728869156","1.2315967570055886","0","1.5180021315392929","1.2389986417853007","0","1.2646385752470446","-0","1","-0","-0","0"
"DataEnd"
"ID","Extrusion"
"LineColor","Goldenrod","LineThickness","1","LineType","0","FaceColor","Goldenrod","DivideAngle","0.20943951023931953","Disp2D","True","Disp3D","True","EdgeDisp","True","Reverse","True","EdgeReverse","False","Group","0","LayerSize","8"
"DispLayerBit","00","00","00","00","00","00","00","00"
"PropertyEnd"
"ExtrusionData"
"Vector","0","0.4","0"
"Loop","True"
"PolygonData","Cp","1.9638797354603108","11.2","-2.7829629131445346","U","-1","0","0","V","0","0","1","Size","5"
"PList","-0","0","0","1.9322385546653342","-0","0","-0.015913606919076617","0.00013211017924064095","0","0.9634102391543933","0.8000000068706008","1","1.943086218279273","0.0005634405494809869","0"
"DataEnd"
"ID","Line"
"LineColor","Black","LineThickness","1","LineType","2","FaceColor","Black","DivideAngle","0.20943951023931953","Disp2D","True","Disp3D","False","EdgeDisp","True","Reverse","False","EdgeReverse","False","Group","1","LayerSize","8"
"DispLayerBit","00","00","00","00","00","00","00","00"
"PropertyEnd"
"LineData","Sp","-1","5","0","V","11","0","0"
"DataEnd"
"ID","Line"
"LineColor","Black","LineThickness","1","LineType","2","FaceColor","Black","DivideAngle","0.20943951023931953","Disp2D","True","Disp3D","False","EdgeDisp","True","Reverse","False","EdgeReverse","False","Group","1","LayerSize","8"
"DispLayerBit","00","00","00","00","00","00","00","00"
"PropertyEnd"
"LineData","Sp","4.75","11","0","V","0","-12","0"
"DataEnd"
"EntityEnd"
