﻿"AppName","Cad3DApp","ver","0","rew","1"
"DataManage"
"EntityBrush","Black"
"ZumenComment","正四面体に内接する球"
"Memo","1+2 = 3"
"Layer"
"LayerSize","64"
"DispLayerBit","FF","FF","FF","FF","FF","FF","FF","FF"
"LayerAll","False"
"LayerList","0","BaseLayer","3","補助線","4","中心線"
"LayerEnd"
"Group"
"GroupList"
"GroupEnd"
"DataManageEnd"
"DataDraw"
"GridSize","1"
"Area","-12.886751345948124","-8.660254037844386","-10.000000000000002","15.773502691896255","12","15"
"DataDrawEnd"
"Entity"
"ID","Polygon"
"LineColor","Brown","LineThickness","1","LineType","0","FaceColor","Brown","DivideAngle","0.2617993877991494","Disp2D","True","Disp3D","True","EdgeDisp","True","Reverse","False","EdgeReverse","False","Group","0","LayerSize","8"
"DispLayerBit","00","00","00","00","00","00","00","00"
"PropertyEnd"
"PolygonData","Cp","-2.8867513459481278","0","5.000000000000001","U","0.8660254037844386","0","-0.5000000000000002","V","-0.5000000000000002","0","-0.8660254037844386","Size","3"
"PList","0","0","0","10","6.661338147750935E-16","0","5.000000000000002","8.660254037844387","0"
"DataEnd"
"ID","Polygon"
"LineColor","Red","LineThickness","1","LineType","0","FaceColor","Red","DivideAngle","0.2617993877991494","Disp2D","True","Disp3D","True","EdgeDisp","True","Reverse","False","EdgeReverse","False","Group","0","LayerSize","8"
"DispLayerBit","00","00","00","00","00","00","00","00"
"PropertyEnd"
"PolygonData","Cp","-2.8867513459481278","0","5.000000000000001","U","0.8660254037844385","0","-0.5000000000000004","V","0.5000000000000004","0","0.8660254037844385","Size","3"
"PList","0","0","0","10","6.661338147750935E-16","0","5.000000000000002","8.660254037844387","0"
"DataEnd"
"ID","Arc"
"LineColor","Brown","LineThickness","1","LineType","1","FaceColor","Brown","DivideAngle","0.2617993877991494","Disp2D","True","Disp3D","True","EdgeDisp","True","Reverse","False","EdgeReverse","False","Group","0","LayerSize","8"
"DispLayerBit","08","00","00","00","00","00","00","00"
"PropertyEnd"
"ArcData","Cp","-2.8867513459481278","0","5.000000000000001","R","10","U","0.8660254037844386","0","-0.5000000000000002","V","-0.5000000000000002","0","-0.8660254037844386","Sa","0","Ea","6.283185307179586"
"DataEnd"
"ID","Arc"
"LineColor","Brown","LineThickness","1","LineType","1","FaceColor","Brown","DivideAngle","0.2617993877991494","Disp2D","True","Disp3D","True","EdgeDisp","True","Reverse","False","EdgeReverse","False","Group","0","LayerSize","8"
"DispLayerBit","08","00","00","00","00","00","00","00"
"PropertyEnd"
"ArcData","Cp","5.773502691896257","0","-1.3322676295501878E-15","R","10","U","0.8660254037844386","0","-0.5000000000000002","V","-0.5000000000000002","0","-0.8660254037844386","Sa","0","Ea","6.283185307179586"
"DataEnd"
"ID","Line"
"LineColor","Brown","LineThickness","1","LineType","2","FaceColor","Brown","DivideAngle","0.2617993877991494","Disp2D","True","Disp3D","True","EdgeDisp","True","Reverse","False","EdgeReverse","False","Group","0","LayerSize","8"
"DispLayerBit","10","00","00","00","00","00","00","00"
"PropertyEnd"
"LineData","Sp","-2.8867513459481273","0","-5","V","4.330127018922193","0","7.5"
"DataEnd"
"ID","Line"
"LineColor","Brown","LineThickness","1","LineType","2","FaceColor","Brown","DivideAngle","0.2617993877991494","Disp2D","True","Disp3D","True","EdgeDisp","True","Reverse","False","EdgeReverse","False","Group","0","LayerSize","8"
"DispLayerBit","10","00","00","00","00","00","00","00"
"PropertyEnd"
"LineData","Sp","-2.8867513459481278","0","5.000000000000001","V","4.330127018922192","0","-7.500000000000002"
"DataEnd"
"ID","Line"
"LineColor","Brown","LineThickness","1","LineType","2","FaceColor","Brown","DivideAngle","0.2617993877991494","Disp2D","True","Disp3D","True","EdgeDisp","True","Reverse","False","EdgeReverse","False","Group","0","LayerSize","8"
"DispLayerBit","10","00","00","00","00","00","00","00"
"PropertyEnd"
"LineData","Sp","5.773502691896257","0","-1.3322676295501878E-15","V","-8.660254037844386","0","1.3322676295501878E-15"
"DataEnd"
"ID","Arc"
"LineColor","Black","LineThickness","1","LineType","1","FaceColor","Black","DivideAngle","0.2617993877991494","Disp2D","True","Disp3D","True","EdgeDisp","True","Reverse","False","EdgeReverse","False","Group","0","LayerSize","8"
"DispLayerBit","08","00","00","00","00","00","00","00"
"PropertyEnd"
"ArcData","Cp","1.443375672974065","0","2.4999999999999996","R","8.660254037844387","U","-0.5000000000000002","0","-0.8660254037844386","V","0","1","0","Sa","0","Ea","6.283185307179586"
"DataEnd"
"ID","Polygon"
"LineColor","Blue","LineThickness","1","LineType","0","FaceColor","Blue","DivideAngle","0.2617993877991494","Disp2D","True","Disp3D","True","EdgeDisp","True","Reverse","False","EdgeReverse","False","Group","0","LayerSize","8"
"DispLayerBit","00","00","00","00","00","00","00","00"
"PropertyEnd"
"PolygonData","Cp","-3.2987849031387334E-15","8.16496580927726","-1.3917643021235382E-15","U","0.5773502691896255","-0.816496580927726","-4.163336342344337E-16","V","-0.6666666666666667","-0.47140452079103157","-0.5773502691896261","Size","3"
"PList","0","0","0","10","6.661338147750935E-16","0","5.000000000000002","8.660254037844387","0"
"DataEnd"
"ID","Arc"
"LineColor","Black","LineThickness","1","LineType","1","FaceColor","Black","DivideAngle","0.2617993877991494","Disp2D","True","Disp3D","True","EdgeDisp","True","Reverse","False","EdgeReverse","False","Group","0","LayerSize","8"
"DispLayerBit","08","00","00","00","00","00","00","00"
"PropertyEnd"
"ArcData","Cp","-2.8867513459481335","0","0","R","8.660254037844382","U","1","0","0","V","0","1","0","Sa","0","Ea","6.283185307179586"
"DataEnd"
"ID","Polygon"
"LineColor","Green","LineThickness","1","LineType","0","FaceColor","Green","DivideAngle","0.2617993877991494","Disp2D","True","Disp3D","True","EdgeDisp","True","Reverse","False","EdgeReverse","False","Group","0","LayerSize","8"
"DispLayerBit","00","00","00","00","00","00","00","00"
"PropertyEnd"
"PolygonData","Cp","-2.8867513459481344","-2.512147933894039E-15","5.0000000000000036","U","0.28867513459481364","0.8164965809277256","-0.5000000000000002","V","-0.1666666666666672","-0.47140452079103173","-0.8660254037844388","Size","3"
"PList","0","0","0","10","6.661338147750935E-16","0","5.000000000000002","8.660254037844387","0"
"DataEnd"
"ID","Arc"
"LineColor","Black","LineThickness","1","LineType","1","FaceColor","Black","DivideAngle","0.2617993877991494","Disp2D","True","Disp3D","True","EdgeDisp","True","Reverse","False","EdgeReverse","False","Group","0","LayerSize","8"
"DispLayerBit","08","00","00","00","00","00","00","00"
"PropertyEnd"
"ArcData","Cp","1.4433756729740657","0","-2.5000000000000018","R","8.660254037844387","U","0.5000000000000001","0","-0.8660254037844386","V","0","1","0","Sa","0","Ea","6.283185307179586"
"DataEnd"
"ID","Line"
"LineColor","Black","LineThickness","1","LineType","2","FaceColor","Black","DivideAngle","0.2617993877991494","Disp2D","True","Disp3D","True","EdgeDisp","True","Reverse","False","EdgeReverse","False","Group","0","LayerSize","8"
"DispLayerBit","10","00","00","00","00","00","00","00"
"PropertyEnd"
"LineData","Sp","0","-3","0","V","0","15","0"
"DataEnd"
"ID","Line"
"LineColor","Black","LineThickness","1","LineType","2","FaceColor","Black","DivideAngle","0.2617993877991494","Disp2D","True","Disp3D","True","EdgeDisp","True","Reverse","False","EdgeReverse","False","Group","0","LayerSize","8"
"DispLayerBit","10","00","00","00","00","00","00","00"
"PropertyEnd"
"LineData","Sp","-5.905059490231441","-2.1342661565333105","0","V","12.43790283299492","8.794925436950079","0"
"DataEnd"
"ID","Revolution"
"LineColor","Black","LineThickness","1","LineType","0","FaceColor","Gold","DivideAngle","0.2617993877991494","Disp2D","True","Disp3D","True","EdgeDisp","True","Reverse","True","EdgeReverse","False","Group","1","LayerSize","8"
"DispLayerBit","00","00","00","00","00","00","00","00"
"PropertyEnd"
"CenterLineData","Sp","0","5","0","V","0","-6","0"
"OutlineData","Cp","0","2.0412414523193187","0","U","1","0","0","V","0","1","0","Sa","0","Ea","6.283185307179586","Loop","False","Size","13"
"PList","-3.749699716304622E-16","-2.0412414523193187","0","0.5283121635129678","-1.971687836487036","2","1.0206207261596578","-1.7677669529663729","2","1.4433756729740654","-1.4433756729740688","2","1.7677669529663704","-1.0206207261596618","2","1.971687836487035","-0.528312163512972","2","2.0412414523193187","-4.125933176868672E-15","2","1.971687836487037","0.5283121635129642","2","1.7677669529663746","1.0206207261596547","2","1.4433756729740712","1.4433756729740628","2","1.0206207261596651","1.7677669529663687","2","0.5283121635129757","1.9716878364870338","2","6.249499527174371E-16","2.0412414523193187","0"
"DataEnd"
"EntityEnd"
